Date,Close,High,Low,Open,Volume,Symbol
1995-03-13,1.88,2.0,1.53,1.57,102161547,ASML
1995-03-20,2.15,2.34,1.83,1.87,33967062,ASML
1995-03-27,2.21,2.34,2.07,2.14,22529174,ASML
1995-04-03,1.98,2.2,1.95,2.2,11485525,ASML
1995-04-10,2.08,2.14,1.95,1.98,7964469,ASML
1995-04-17,1.99,2.1,1.95,2.06,4986315,ASML
1995-04-24,2.15,2.26,1.99,1.99,10017802,ASML
1995-05-01,2.38,2.44,2.13,2.17,11267872,ASML
1995-05-08,2.35,2.45,2.22,2.37,9313919,ASML
1995-05-15,2.65,2.82,2.36,2.38,12083457,ASML
1995-05-22,2.68,2.86,2.56,2.67,10864598,ASML
1995-05-29,2.61,2.74,2.47,2.7,5335382,ASML
1995-06-05,2.65,2.68,2.58,2.62,2244704,ASML
1995-06-12,2.62,2.68,2.59,2.65,2064011,ASML
1995-06-19,2.6,2.69,2.54,2.62,10438325,ASML
1995-06-26,2.82,2.92,2.57,2.64,5516075,ASML
1995-07-03,3.11,3.18,2.88,2.91,4270112,ASML
1995-07-10,3.64,3.93,3.12,3.14,21158368,ASML
1995-07-17,3.9,4.02,3.1,3.63,12711775,ASML
1995-07-24,4.39,4.45,3.89,3.89,12584470,ASML
1995-07-31,3.65,4.63,3.65,4.59,8122166,ASML
1995-08-07,3.74,3.98,3.67,3.69,3976075,ASML
1995-08-14,4.11,4.19,3.74,3.77,5455296,ASML
1995-08-21,3.85,4.1,3.66,4.09,4216726,ASML
1995-08-28,3.81,3.91,3.58,3.83,4339925,ASML
1995-09-04,4.05,4.14,3.83,3.83,2203637,ASML
1995-09-11,3.87,4.39,3.82,4.01,2522315,ASML
1995-09-18,3.48,3.99,3.47,3.82,8229760,ASML
1995-09-25,3.45,3.73,3.01,3.6,5390410,ASML
1995-10-02,3.2,3.52,3.08,3.48,5149760,ASML
1995-10-09,3.3,3.37,2.91,3.2,3354325,ASML
1995-10-16,3.64,3.91,3.22,3.36,8849046,ASML
1995-10-23,3.73,4.09,3.64,3.64,3389643,ASML
1995-10-30,3.87,3.92,3.75,3.77,4663531,ASML
1995-11-06,3.73,3.9,3.65,3.85,2877131,ASML
1995-11-13,3.58,3.68,3.38,3.68,2430325,ASML
1995-11-20,3.42,3.67,3.28,3.59,1402838,ASML
1995-11-27,3.3,3.51,3.3,3.49,2975690,ASML
1995-12-04,3.08,3.48,2.95,3.24,8706954,ASML
1995-12-11,3.06,3.18,2.99,3.13,5462688,ASML
1995-12-18,2.74,3.08,2.68,3.08,8617430,ASML
1995-12-25,2.61,2.77,2.59,2.7,2119862,ASML
1996-01-01,3.24,3.3,2.63,2.65,17804863,ASML
1996-01-08,3.3,3.54,2.96,3.54,6132896,ASML
1996-01-15,3.46,3.46,3.1,3.35,3477526,ASML
1996-01-22,3.45,3.62,3.28,3.4,3581014,ASML
1996-01-29,3.63,3.64,3.38,3.56,4597003,ASML
1996-02-05,3.65,3.79,3.46,3.66,8233044,ASML
1996-02-12,3.52,3.8,3.36,3.62,8214977,ASML
1996-02-19,4.07,4.17,3.92,3.93,7883978,ASML
1996-02-26,3.73,4.08,3.62,4.07,11754922,ASML
1996-03-04,3.12,3.75,3.08,3.74,50193322,ASML
1996-03-11,3.19,3.26,3.1,3.12,12836619,ASML
1996-03-18,3.32,3.44,3.2,3.22,8441665,ASML
1996-03-25,3.17,3.3,3.1,3.14,8492587,ASML
1996-04-01,3.43,3.44,3.16,3.21,4329249,ASML
1996-04-08,3.38,3.46,3.32,3.35,7266336,ASML
1996-04-15,3.54,3.6,3.38,3.4,2568309,ASML
1996-04-22,3.54,3.62,3.48,3.55,1430764,ASML
1996-04-29,3.43,3.54,3.38,3.5,2527243,ASML
1996-05-06,3.48,3.6,3.43,3.46,12115487,ASML
1996-05-13,3.73,3.77,3.48,3.48,1916992,ASML
1996-05-20,3.6,3.73,3.38,3.72,3801131,ASML
1996-05-27,3.71,3.73,3.58,3.63,1811039,ASML
1996-06-03,3.76,3.93,3.71,3.73,3350219,ASML
1996-06-10,3.66,3.81,3.56,3.79,5824075,ASML
1996-06-17,3.38,3.63,3.29,3.62,12297823,ASML
1996-06-24,3.22,3.36,3.08,3.3,9693376,ASML
1996-07-01,3.24,3.32,3.1,3.3,5344415,ASML
1996-07-08,3.08,3.39,3.03,3.22,12076064,ASML
1996-07-15,3.08,3.14,2.83,3.03,5277067,ASML
1996-07-22,2.85,3.09,2.69,3.09,9633419,ASML
1996-07-29,3.14,3.16,2.85,2.91,5282816,ASML
1996-08-05,3.16,3.24,3.06,3.14,2085365,ASML
1996-08-12,2.89,3.08,2.86,3.08,1319062,ASML
1996-08-19,3.01,3.05,2.93,2.93,2447574,ASML
1996-08-26,3.03,3.06,2.97,3.03,1399552,ASML
1996-09-02,2.72,2.9,2.58,2.89,3151456,ASML
1996-09-09,2.68,2.93,2.65,2.81,3919402,ASML
1996-09-16,2.99,2.99,2.69,2.71,4954282,ASML
1996-09-23,2.99,3.12,2.88,2.93,3184309,ASML
1996-09-30,3.21,3.25,2.89,3.0,4794123,ASML
1996-10-07,3.06,3.18,3.06,3.15,1627883,ASML
1996-10-14,2.95,3.12,2.86,3.05,1289493,ASML
1996-10-21,2.81,2.95,2.81,2.94,1103871,ASML
1996-10-28,2.82,2.84,2.79,2.79,319499,ASML
1996-11-04,2.83,2.85,2.81,2.81,401632,ASML
1996-11-11,3.04,3.05,2.84,2.85,1740404,ASML
1996-11-18,3.57,3.63,2.97,3.04,9122549,ASML
1996-11-25,3.47,3.54,3.31,3.43,11357397,ASML
1996-12-02,3.82,3.88,3.39,3.45,16383958,ASML
1996-12-09,3.92,3.99,3.71,3.72,24783732,ASML
1996-12-16,3.91,3.96,3.64,3.89,15999573,ASML
1996-12-23,3.88,3.94,3.87,3.94,2330122,ASML
1996-12-30,4.05,4.05,3.87,3.87,4099275,ASML
1997-01-06,4.33,4.33,4.04,4.09,7954613,ASML
1997-01-13,4.75,4.86,4.26,4.32,7962827,ASML
1997-01-20,5.27,5.38,4.54,4.74,16643499,ASML
1997-01-27,5.75,5.8,5.15,5.28,15967542,ASML
1997-02-03,5.54,5.91,5.27,5.91,10733184,ASML
1997-02-10,5.8,5.83,5.1,5.51,11869088,ASML
1997-02-17,5.78,5.84,5.62,5.79,4874614,ASML
1997-02-24,5.23,5.76,5.19,5.72,9847787,ASML
1997-03-03,6.16,6.37,5.21,5.25,9723766,ASML
1997-03-10,5.89,6.8,5.74,6.79,15773707,ASML
1997-03-17,5.4,5.98,5.3,5.94,16657461,ASML
1997-03-24,5.86,6.15,5.26,5.38,11304831,ASML
1997-03-31,6.32,6.33,5.44,5.91,16176159,ASML
1997-04-07,5.81,6.76,5.74,6.48,14150752,ASML
1997-04-14,6.11,6.37,5.78,5.84,11539733,ASML
1997-04-21,5.74,6.15,5.55,6.14,17046774,ASML
1997-04-28,6.69,6.69,5.67,5.82,15749066,ASML
1997-05-05,7.06,7.45,6.52,6.59,18146538,ASML
1997-05-12,7.37,7.86,7.23,7.47,15714571,ASML
1997-05-19,8.64,8.76,7.15,7.31,21759994,ASML
1997-05-26,8.21,8.86,7.74,8.62,15851733,ASML
1997-06-02,7.98,8.17,7.7,8.17,9083947,ASML
1997-06-09,7.65,8.21,7.31,7.98,20677478,ASML
1997-06-16,9.14,9.21,7.64,7.64,12850582,ASML
1997-06-23,9.27,9.39,8.9,9.33,9225216,ASML
1997-06-30,9.65,9.73,9.04,9.21,6240490,ASML
1997-07-07,11.99,12.21,9.77,10.24,13933919,ASML
1997-07-14,11.58,13.79,11.57,12.08,24169786,ASML
1997-07-21,13.56,14.15,11.65,11.71,19669702,ASML
1997-07-28,13.16,13.48,12.38,13.48,10985334,ASML
1997-08-04,12.66,13.95,12.34,13.01,10936875,ASML
1997-08-11,13.79,14.5,12.42,12.81,18899291,ASML
1997-08-18,14.6,15.84,13.65,14.05,22807196,ASML
1997-08-25,13.36,14.93,13.14,14.85,13011973,ASML
1997-09-01,13.67,14.48,13.48,13.71,8736933,ASML
1997-09-08,14.5,14.66,13.16,13.73,18481231,ASML
1997-09-15,15.07,15.52,14.3,14.89,10800123,ASML
1997-09-22,15.7,16.94,15.29,15.34,20461466,ASML
1997-09-29,15.84,16.05,15.09,15.48,13915850,ASML
1997-10-06,15.76,16.62,15.27,16.19,10858849,ASML
1997-10-13,14.09,16.01,13.03,15.87,28171734,ASML
1997-10-20,12.79,15.15,11.63,14.15,45544987,ASML
1997-10-27,11.51,12.99,10.71,12.16,33618406,ASML
1997-11-03,11.51,13.73,11.2,11.87,21828577,ASML
1997-11-10,11.16,12.08,9.98,12.06,24366907,ASML
1997-11-17,10.57,12.42,10.29,11.55,32075532,ASML
1997-11-24,9.82,10.61,9.27,10.55,19682842,ASML
1997-12-01,11.25,11.32,9.82,10.37,18266865,ASML
1997-12-08,9.39,11.47,8.86,11.24,34210997,ASML
1997-12-15,10.06,10.33,8.88,9.51,22909040,ASML
1997-12-22,9.96,10.31,9.76,10.22,5429424,ASML
1997-12-29,10.69,10.9,10.08,10.18,6657728,ASML
1998-01-05,9.84,12.14,9.76,10.9,21199434,ASML
1998-01-12,10.61,11.45,9.53,9.55,18836870,ASML
1998-01-19,10.35,11.79,10.14,10.9,24499963,ASML
1998-01-26,10.92,11.38,10.15,10.58,15842288,ASML
1998-02-02,12.28,12.44,11.24,11.38,24006342,ASML
1998-02-09,12.16,12.53,11.83,12.48,14904326,ASML
1998-02-16,12.26,12.53,12.06,12.3,5498415,ASML
1998-02-23,14.68,15.27,12.48,12.57,26824747,ASML
1998-03-02,14.38,14.74,13.52,14.72,27342187,ASML
1998-03-09,15.11,15.29,13.79,14.15,20521835,ASML
1998-03-16,14.54,15.42,14.38,15.38,8802229,ASML
1998-03-23,14.7,15.23,14.26,14.42,6798586,ASML
1998-03-30,14.11,14.74,13.75,14.58,8661781,ASML
1998-04-06,13.92,14.46,13.57,14.4,8450699,ASML
1998-04-13,14.18,14.77,13.63,14.01,7872891,ASML
1998-04-20,15.09,15.42,14.32,14.4,4772769,ASML
1998-04-27,13.83,14.62,13.62,14.38,7962005,ASML
1998-05-04,13.58,14.38,13.52,14.07,8960541,ASML
1998-05-11,12.89,13.83,12.85,13.52,6071706,ASML
1998-05-18,13.28,13.83,12.34,12.69,7409248,ASML
1998-05-25,12.04,13.75,11.95,13.75,9827254,ASML
1998-06-01,11.08,12.26,10.86,12.26,29295317,ASML
1998-06-08,9.16,12.18,8.39,11.0,29191624,ASML
1998-06-15,9.21,9.9,8.68,8.68,12199675,ASML
1998-06-22,9.08,10.02,9.06,9.12,8160768,ASML
1998-06-29,9.27,9.35,9.04,9.27,4637247,ASML
1998-07-06,9.55,10.2,9.12,9.55,11182659,ASML
1998-07-13,10.24,10.41,9.27,9.51,9279218,ASML
1998-07-20,8.53,10.33,8.37,10.29,8484373,ASML
1998-07-27,9.02,9.43,8.25,8.57,6667584,ASML
1998-08-03,9.35,9.53,8.41,8.84,7270237,ASML
1998-08-10,8.49,9.25,8.23,9.12,5690403,ASML
1998-08-17,7.66,8.96,7.47,8.41,5216083,ASML
1998-08-24,6.99,7.94,6.7,7.52,4877693,ASML
1998-08-31,5.85,6.64,4.79,6.29,9942651,ASML
1998-09-07,5.97,6.68,5.38,6.6,5036826,ASML
1998-09-14,5.07,5.97,4.97,5.97,3459250,ASML
1998-09-21,5.19,5.7,4.48,4.6,8013132,ASML
1998-09-28,4.91,5.52,4.52,5.15,6141521,ASML
1998-10-05,4.28,4.79,4.07,4.79,3859855,ASML
1998-10-12,6.01,6.17,4.28,4.36,12821834,ASML
1998-10-19,7.27,7.8,5.66,5.76,10182481,ASML
1998-10-26,8.02,8.37,6.72,6.76,15150109,ASML
1998-11-02,8.29,8.33,7.33,7.62,12112613,ASML
1998-11-09,8.72,9.19,7.72,8.29,9195238,ASML
1998-11-16,9.04,9.12,8.27,8.61,3696822,ASML
1998-11-23,9.43,9.53,9.0,9.06,3678751,ASML
1998-11-30,10.06,10.59,8.17,9.31,16276158,ASML
1998-12-07,8.92,10.53,8.76,9.9,9131174,ASML
1998-12-14,9.08,9.19,8.31,8.8,5840501,ASML
1998-12-21,9.51,9.59,9.12,9.31,4988778,ASML
1998-12-28,9.59,9.96,9.47,9.55,1498112,ASML
1999-01-04,13.24,14.93,9.82,9.86,42243637,ASML
1999-01-11,13.6,13.75,11.43,12.61,15858920,ASML
1999-01-18,13.81,14.22,12.65,13.38,15715392,ASML
1999-01-25,14.62,14.64,13.34,14.05,12129450,ASML
1999-02-01,13.52,15.01,12.81,14.52,20113632,ASML
1999-02-08,14.26,14.93,13.6,14.26,18752683,ASML
1999-02-15,13.44,14.68,13.4,14.09,8858901,ASML
1999-02-22,12.46,14.1,12.42,13.67,12463733,ASML
1999-03-01,12.5,12.73,11.85,12.38,12029043,ASML
1999-03-08,13.05,13.32,12.26,12.59,18308136,ASML
1999-03-15,14.38,15.27,12.97,13.12,13941928,ASML
1999-03-22,13.44,14.6,13.2,14.6,8111489,ASML
1999-03-29,14.46,14.62,13.52,13.6,7098784,ASML
1999-04-05,15.21,15.84,14.62,14.62,11722070,ASML
1999-04-12,14.44,14.93,13.95,14.77,7738398,ASML
1999-04-19,14.89,15.07,13.1,14.34,12148136,ASML
1999-04-26,12.26,14.93,12.02,14.81,13748094,ASML
1999-05-03,12.69,13.05,11.43,12.73,23663845,ASML
1999-05-10,13.58,13.69,12.1,12.42,16521736,ASML
1999-05-17,14.01,14.85,13.01,13.24,9670378,ASML
1999-05-24,13.87,14.26,13.48,14.15,6306402,ASML
1999-05-31,14.62,14.7,13.67,14.03,2966245,ASML
1999-06-07,16.13,16.41,14.34,14.34,13000681,ASML
1999-06-14,17.74,17.96,16.33,16.58,12576462,ASML
1999-06-21,17.52,18.45,16.86,18.0,5723256,ASML
1999-06-28,19.25,19.45,17.17,17.37,6581755,ASML
1999-07-05,19.53,19.61,18.53,18.63,5501701,ASML
1999-07-12,21.69,21.89,18.9,19.49,11088411,ASML
1999-07-19,18.27,21.77,18.08,21.45,13097391,ASML
1999-07-26,19.1,19.67,17.72,17.96,5839270,ASML
1999-08-02,17.47,19.1,16.82,18.82,4649363,ASML
1999-08-09,19.14,20.59,17.56,17.64,12180579,ASML
1999-08-16,18.51,19.37,17.92,18.9,6686681,ASML
1999-08-23,20.16,20.33,18.49,18.63,6186693,ASML
1999-08-30,21.3,21.34,19.43,20.12,2806907,ASML
1999-09-06,20.67,21.77,20.67,21.22,1874898,ASML
1999-09-13,20.39,20.9,19.3,20.59,6389974,ASML
1999-09-20,20.43,21.34,19.94,20.59,6145832,ASML
1999-09-27,21.12,21.65,20.63,20.79,4748539,ASML
1999-10-04,22.26,22.75,20.9,21.06,6329195,ASML
1999-10-11,21.06,23.46,20.83,22.34,6468617,ASML
1999-10-18,21.45,21.57,19.76,20.88,5241545,ASML
1999-10-25,22.83,23.03,20.94,21.18,4681805,ASML
1999-11-01,25.5,26.05,22.5,22.75,6461634,ASML
1999-11-08,26.09,26.29,24.52,25.17,4382840,ASML
1999-11-15,27.01,27.74,25.93,26.9,7481935,ASML
1999-11-22,28.13,28.17,25.93,26.37,2238338,ASML
1999-11-29,31.28,31.59,28.68,28.96,8476365,ASML
1999-12-06,30.41,34.46,29.98,31.32,9260328,ASML
1999-12-13,30.59,31.83,28.53,30.22,7253811,ASML
1999-12-20,35.27,36.11,32.06,32.06,3690456,ASML
1999-12-27,35.76,35.76,33.4,34.97,1783320,ASML
2000-01-03,31.87,36.78,29.53,36.78,6697152,ASML
2000-01-10,39.33,40.55,33.36,33.64,7936955,ASML
2000-01-17,43.69,45.27,38.43,38.59,8020114,ASML
2000-01-24,36.9,44.09,36.86,43.77,7257301,ASML
2000-01-31,43.07,44.52,36.43,36.68,4808906,ASML
2000-02-07,42.2,46.03,41.42,42.52,3644871,ASML
2000-02-14,40.0,42.99,40.0,42.44,4289414,ASML
2000-02-21,38.94,42.59,38.55,40.47,4156974,ASML
2000-02-28,47.25,47.39,38.82,39.29,6539867,ASML
2000-03-06,47.13,47.31,40.94,43.58,5021426,ASML
2000-03-13,43.14,46.43,38.61,44.64,5504165,ASML
2000-03-20,41.47,44.36,38.94,44.01,6210718,ASML
2000-03-27,35.13,43.62,33.52,42.83,10647355,ASML
2000-04-03,40.83,42.4,30.57,34.22,16146593,ASML
2000-04-10,30.47,40.51,30.06,39.65,8819682,ASML
2000-04-17,35.25,37.01,30.88,32.3,3533035,ASML
2000-04-24,37.72,38.13,30.65,33.71,3915364,ASML
2000-05-01,37.43,39.61,35.6,37.49,2682201,ASML
2000-05-08,33.18,36.72,30.41,36.31,8119360,ASML
2000-05-15,33.36,37.13,32.77,33.71,3489572,ASML
2000-05-22,33.54,34.19,28.59,32.06,6127558,ASML
2000-05-29,40.49,40.67,33.12,33.83,3961086,ASML
2000-06-05,40.37,40.37,34.66,38.49,3792644,ASML
2000-06-12,37.6,40.37,35.72,39.84,8260560,ASML
2000-06-19,40.79,42.79,36.66,37.6,6565464,ASML
2000-06-26,41.61,43.03,38.55,40.96,5691293,ASML
2000-07-03,40.02,40.32,36.31,39.84,4696795,ASML
2000-07-10,43.26,43.5,39.96,40.79,5000208,ASML
2000-07-17,41.49,44.79,40.2,44.09,5498348,ASML
2000-07-24,34.83,41.49,34.66,40.85,3992091,ASML
2000-07-31,32.12,38.06,30.24,36.25,8797507,ASML
2000-08-07,32.65,33.42,30.53,31.95,7315411,ASML
2000-08-14,38.19,38.66,33.07,33.71,5318203,ASML
2000-08-21,37.31,39.14,36.37,37.49,3087735,ASML
2000-08-28,38.61,39.14,35.48,37.37,4307072,ASML
2000-09-04,35.13,40.55,34.95,40.49,3013745,ASML
2000-09-11,33.01,35.6,32.54,34.66,2251549,ASML
2000-09-18,30.77,33.83,30.18,33.83,5139357,ASML
2000-09-25,30.47,32.48,29.71,32.45,6052884,ASML
2000-10-02,28.7,31.95,27.58,28.94,15379193,ASML
2000-10-09,27.17,28.76,23.64,28.17,7979459,ASML
2000-10-16,25.46,28.0,19.63,27.7,10444212,ASML
2000-10-23,25.23,26.76,23.22,24.87,6293261,ASML
2000-10-30,27.35,27.76,23.81,25.17,6351988,ASML
2000-11-06,21.28,28.01,21.1,27.82,10796906,ASML
2000-11-13,20.86,23.58,20.45,20.81,5116701,ASML
2000-11-20,20.28,20.39,18.21,19.16,3541863,ASML
2000-11-27,19.8,21.93,18.57,21.57,7347375,ASML
2000-12-04,24.11,24.28,19.21,19.77,11166711,ASML
2000-12-11,21.1,25.99,20.86,25.05,5903333,ASML
2000-12-18,21.81,22.16,19.21,20.75,4691046,ASML
2000-12-25,21.28,22.1,20.86,21.69,1801458,ASML
2001-01-01,23.22,24.93,18.51,20.86,8389167,ASML
2001-01-08,25.87,26.64,21.93,22.84,9589272,ASML
2001-01-15,27.17,28.11,23.93,24.52,14316934,ASML
2001-01-22,26.29,28.88,25.46,25.49,7219178,ASML
2001-01-29,25.23,27.7,24.99,25.64,8364322,ASML
2001-02-05,22.04,24.4,22.04,24.28,10090012,ASML
2001-02-12,23.28,24.28,21.57,21.81,9756962,ASML
2001-02-19,22.16,23.4,19.63,23.28,7718617,ASML
2001-02-26,20.51,22.16,18.74,21.75,13048523,ASML
2001-03-05,22.04,24.87,20.51,20.75,14186821,ASML
2001-03-12,19.1,23.1,18.98,21.28,14048975,ASML
2001-03-19,21.98,22.52,18.68,19.27,7841612,ASML
2001-03-26,20.45,23.46,20.04,22.46,10241342,ASML
2001-04-02,19.8,21.63,17.86,19.63,10587944,ASML
2001-04-09,23.62,23.67,19.47,20.41,8589640,ASML
2001-04-16,25.42,25.78,20.78,22.72,19269918,ASML
2001-04-23,24.91,25.37,23.86,24.3,18372611,ASML
2001-04-30,25.3,26.45,24.27,25.0,16306068,ASML
2001-05-07,24.25,25.17,23.43,24.87,9644096,ASML
2001-05-14,25.08,25.09,22.48,23.44,9326993,ASML
2001-05-21,23.65,26.36,23.5,24.61,12822381,ASML
2001-05-28,22.35,23.26,21.5,23.2,7358600,ASML
2001-06-04,23.95,24.05,22.12,22.36,9231444,ASML
2001-06-11,21.08,23.72,20.35,23.3,7832029,ASML
2001-06-18,20.45,21.64,18.58,21.11,10234977,ASML
2001-06-25,20.98,21.77,19.92,20.86,8872042,ASML
2001-07-02,19.1,21.69,18.26,20.98,9248418,ASML
2001-07-09,20.08,20.81,19.1,19.35,8613254,ASML
2001-07-16,18.19,20.28,17.86,20.24,13496423,ASML
2001-07-23,18.41,18.51,17.01,18.42,9531367,ASML
2001-07-30,19.4,20.75,18.86,19.32,9990082,ASML
2001-08-06,18.58,19.26,17.91,19.2,6476830,ASML
2001-08-13,17.69,19.24,17.54,18.95,3558221,ASML
2001-08-20,19.76,19.99,17.45,17.87,5401294,ASML
2001-08-27,17.14,20.16,16.72,19.84,7914914,ASML
2001-09-03,14.32,16.5,13.96,15.89,9617061,ASML
2001-09-10,14.01,14.41,13.8,14.02,4512474,ASML
2001-09-17,9.52,12.83,8.97,11.69,13434070,ASML
2001-09-24,10.57,12.15,9.76,10.15,14774076,ASML
2001-10-01,12.15,12.35,10.14,10.23,11849923,ASML
2001-10-08,13.8,14.61,12.11,12.12,9105027,ASML
2001-10-15,12.45,14.43,12.02,13.29,17239170,ASML
2001-10-22,14.44,14.7,12.5,12.65,13295197,ASML
2001-10-29,14.74,14.87,12.68,14.48,9010643,ASML
2001-11-05,16.02,16.48,15.01,15.09,8227228,ASML
2001-11-12,18.4,18.75,15.51,16.24,6935065,ASML
2001-11-19,16.81,18.47,15.88,18.41,5885195,ASML
2001-11-26,16.42,17.53,16.22,17.28,7992669,ASML
2001-12-03,17.81,19.13,15.84,16.1,10578431,ASML
2001-12-10,16.78,18.6,16.5,17.53,7956052,ASML
2001-12-17,15.76,18.1,15.2,17.48,7981923,ASML
2001-12-24,16.41,16.55,15.47,15.75,1039465,ASML
2001-12-31,18.3,18.53,16.02,16.41,4399677,ASML
2002-01-07,19.44,19.76,17.81,18.27,11172802,ASML
2002-01-14,17.17,19.3,16.85,19.25,9595978,ASML
2002-01-21,17.96,18.12,16.79,17.27,7209048,ASML
2002-01-28,17.92,18.24,17.0,17.87,6339530,ASML
2002-02-04,16.88,18.63,16.37,18.43,10672200,ASML
2002-02-11,18.67,19.14,17.01,17.1,9226311,ASML
2002-02-18,17.75,18.72,17.38,18.13,6633020,ASML
2002-02-25,21.36,21.36,17.95,17.95,9216318,ASML
2002-03-04,23.05,23.37,21.13,21.27,15761181,ASML
2002-03-11,22.6,22.68,21.38,22.25,7366470,ASML
2002-03-18,22.32,23.72,21.83,22.95,10277480,ASML
2002-03-25,23.93,24.15,21.93,22.63,4765582,ASML
2002-04-01,22.35,24.33,22.21,23.81,9603303,ASML
2002-04-08,21.17,21.95,20.63,21.2,9153076,ASML
2002-04-15,22.6,23.67,20.89,21.35,7437926,ASML
2002-04-22,20.65,22.56,20.46,22.21,11172117,ASML
2002-04-29,18.06,21.72,17.87,20.97,11316194,ASML
2002-05-06,18.63,21.12,17.92,18.86,11761837,ASML
2002-05-13,20.9,21.28,18.77,18.79,7791031,ASML
2002-05-20,18.4,20.74,18.17,20.74,6643218,ASML
2002-05-27,17.48,18.93,16.87,18.93,3990242,ASML
2002-06-03,16.37,17.68,15.18,17.63,6586135,ASML
2002-06-10,14.41,16.45,13.87,16.27,11695240,ASML
2002-06-17,13.02,15.17,12.92,14.81,7147654,ASML
2002-06-24,14.26,14.99,12.68,12.92,10534628,ASML
2002-07-01,14.55,14.69,11.9,14.55,8554665,ASML
2002-07-08,13.16,14.68,12.2,14.48,9401118,ASML
2002-07-15,13.82,15.26,12.78,13.37,12121443,ASML
2002-07-22,10.69,14.37,9.81,14.01,9908976,ASML
2002-07-29,9.83,12.2,9.71,11.24,8786214,ASML
2002-08-05,10.14,10.85,9.25,9.82,8672322,ASML
2002-08-12,10.85,10.85,9.19,10.03,6502496,ASML
2002-08-19,10.97,12.45,10.8,11.05,7704175,ASML
2002-08-26,9.66,11.29,9.57,11.1,4512199,ASML
2002-09-02,8.53,9.52,7.77,9.49,5475966,ASML
2002-09-09,7.47,8.81,7.36,8.35,6251579,ASML
2002-09-16,6.33,7.25,5.91,7.18,11022499,ASML
2002-09-23,5.86,6.52,5.05,5.85,20337240,ASML
2002-09-30,5.66,6.66,5.61,5.94,8047012,ASML
2002-10-07,6.12,6.22,4.67,5.17,12486662,ASML
2002-10-14,7.87,7.91,5.99,5.99,11104838,ASML
2002-10-21,7.83,8.36,6.62,7.84,11045702,ASML
2002-10-28,8.43,8.54,7.13,8.34,7886512,ASML
2002-11-04,8.45,9.67,8.31,9.03,8966017,ASML
2002-11-11,8.53,8.67,7.52,8.08,7572283,ASML
2002-11-18,10.51,10.7,8.53,8.79,5152977,ASML
2002-11-25,10.51,10.99,9.92,10.53,4276957,ASML
2002-12-02,9.78,11.46,9.29,11.4,4658946,ASML
2002-12-09,7.87,9.42,7.83,9.42,5498210,ASML
2002-12-16,7.94,8.46,6.9,8.05,17526911,ASML
2002-12-23,7.86,8.42,7.79,7.9,4023576,ASML
2002-12-30,8.68,8.74,7.7,7.94,6098400,ASML
2003-01-06,8.87,9.19,8.14,8.63,7892123,ASML
2003-01-13,7.8,9.15,7.73,9.09,6109761,ASML
2003-01-20,7.32,8.03,7.21,7.95,7956461,ASML
2003-01-27,7.55,7.69,6.88,7.13,12281465,ASML
2003-02-03,6.81,7.65,6.79,7.57,4468807,ASML
2003-02-10,7.07,7.08,6.52,6.69,4713221,ASML
2003-02-17,7.21,7.47,7.04,7.3,3547338,ASML
2003-02-24,6.82,7.23,6.46,6.86,5023479,ASML
2003-03-03,6.13,6.97,6.01,6.9,5528122,ASML
2003-03-10,6.43,6.73,5.76,5.94,8066793,ASML
2003-03-17,7.87,7.94,6.4,6.45,10384665,ASML
2003-03-24,6.41,7.23,6.19,7.04,8279930,ASML
2003-03-31,6.63,7.02,6.08,6.25,5031968,ASML
2003-04-07,6.59,7.12,6.5,6.96,3655755,ASML
2003-04-14,7.16,7.26,6.4,6.4,4021180,ASML
2003-04-21,7.34,7.83,7.06,7.15,6694552,ASML
2003-04-28,8.61,8.66,7.39,7.42,11052203,ASML
2003-05-05,8.72,9.26,8.44,8.83,7631146,ASML
2003-05-12,8.57,9.05,8.3,8.76,8396764,ASML
2003-05-19,7.8,8.24,7.53,8.2,10705123,ASML
2003-05-26,9.48,9.51,7.64,7.67,5642765,ASML
2003-06-02,10.18,10.43,9.36,9.7,12627727,ASML
2003-06-09,9.44,10.08,9.4,10.0,11221193,ASML
2003-06-16,9.13,10.15,9.01,9.57,9350264,ASML
2003-06-23,9.02,9.16,8.36,9.0,12682072,ASML
2003-06-30,9.88,10.09,8.91,9.27,11657321,ASML
2003-07-07,10.56,11.11,10.06,10.53,13656172,ASML
2003-07-14,10.91,12.0,10.29,11.35,21222090,ASML
2003-07-21,12.49,12.5,10.56,10.7,15906215,ASML
2003-07-28,12.7,12.76,11.8,12.36,9439241,ASML
2003-08-04,11.21,12.95,11.11,12.82,8688065,ASML
2003-08-11,12.02,12.37,11.17,11.21,8386635,ASML
2003-08-18,14.04,14.73,11.98,12.0,13341602,ASML
2003-08-25,14.87,15.19,13.82,14.26,13808119,ASML
2003-09-01,14.83,15.18,14.0,14.64,12580295,ASML
2003-09-08,14.18,15.97,13.91,15.42,19178817,ASML
2003-09-15,14.15,14.88,13.91,14.35,15199867,ASML
2003-09-22,12.4,13.88,12.36,13.66,14697623,ASML
2003-09-29,14.2,14.49,12.25,12.65,16332487,ASML
2003-10-06,14.03,14.53,13.67,14.14,13560555,ASML
2003-10-13,14.82,15.29,13.73,14.18,18016973,ASML
2003-10-20,14.75,15.47,14.41,14.84,14807134,ASML
2003-10-27,16.55,16.69,14.52,14.78,14802480,ASML
2003-11-03,17.5,17.92,16.73,16.98,13032848,ASML
2003-11-10,16.67,17.79,16.52,17.35,12989660,ASML
2003-11-17,16.95,17.0,16.12,16.76,12824299,ASML
2003-11-24,17.75,18.1,16.79,16.79,6888797,ASML
2003-12-01,17.8,19.18,17.63,18.21,14131177,ASML
2003-12-08,17.92,18.37,16.71,17.76,11074927,ASML
2003-12-15,17.92,18.54,16.95,18.46,9285105,ASML
2003-12-22,18.81,18.89,17.65,17.8,4091403,ASML
2003-12-29,19.36,19.55,18.62,18.8,6470738,ASML
2004-01-05,20.9,21.33,19.31,19.48,9891592,ASML
2004-01-12,20.52,21.38,19.75,20.85,15306642,ASML
2004-01-19,19.09,20.94,18.88,20.75,11298672,ASML
2004-01-26,18.16,19.32,18.0,19.29,13858493,ASML
2004-02-02,18.9,19.02,17.4,18.41,12173733,ASML
2004-02-09,18.41,19.15,18.23,19.14,9711103,ASML
2004-02-16,18.56,20.27,18.35,19.29,12736485,ASML
2004-02-23,17.22,18.63,17.12,18.6,13370417,ASML
2004-03-01,18.08,18.36,17.15,17.26,10886430,ASML
2004-03-08,16.95,18.28,16.44,18.02,12998695,ASML
2004-03-15,15.84,17.1,15.7,16.51,12120621,ASML
2004-03-22,17.02,17.14,15.24,15.46,13160225,ASML
2004-03-29,18.27,18.37,16.81,17.24,10071805,ASML
2004-04-05,17.53,18.35,17.35,18.02,10910113,ASML
2004-04-12,16.57,17.94,16.09,17.41,13097323,ASML
2004-04-19,15.93,16.96,14.81,16.69,13709491,ASML
2004-04-26,14.68,16.3,14.46,16.26,14925133,ASML
2004-05-03,14.63,15.57,13.61,14.99,15402944,ASML
2004-05-10,14.48,14.98,14.09,14.38,11197580,ASML
2004-05-17,14.97,15.35,14.05,14.24,7004057,ASML
2004-05-24,16.61,16.67,14.99,15.23,9954082,ASML
2004-05-31,16.04,16.38,15.62,16.23,7029997,ASML
2004-06-07,15.88,16.73,15.74,16.37,7476530,ASML
2004-06-14,14.78,15.44,14.51,15.15,9888921,ASML
2004-06-21,15.65,15.85,14.76,14.97,6103875,ASML
2004-06-28,15.74,16.3,15.51,16.07,6847456,ASML
2004-07-05,15.65,15.72,15.1,15.46,7084479,ASML
2004-07-12,14.07,15.27,13.67,15.21,20300212,ASML
2004-07-19,13.11,14.5,13.07,13.98,13194172,ASML
2004-07-26,13.38,13.55,12.53,13.09,11089095,ASML
2004-08-02,12.47,13.43,12.4,13.23,7866868,ASML
2004-08-09,12.15,12.99,11.63,12.58,10127998,ASML
2004-08-16,12.85,13.04,12.26,12.34,8943772,ASML
2004-08-23,12.45,13.11,12.33,12.93,7129721,ASML
2004-08-30,11.7,12.65,11.63,12.43,7842297,ASML
2004-09-06,12.98,13.03,11.86,12.07,8706682,ASML
2004-09-13,12.99,13.44,12.62,13.07,9457517,ASML
2004-09-20,12.7,13.64,12.65,12.72,11180058,ASML
2004-09-27,12.59,12.77,11.9,12.57,18173027,ASML
2004-10-04,12.5,13.05,12.43,12.83,9124192,ASML
2004-10-11,12.48,12.55,11.79,12.29,13157280,ASML
2004-10-18,12.92,13.19,12.2,12.34,10513956,ASML
2004-10-25,13.44,13.64,12.75,12.94,10323406,ASML
2004-11-01,14.19,14.33,13.18,13.44,15311844,ASML
2004-11-08,14.86,14.87,14.16,14.35,10003292,ASML
2004-11-15,14.59,15.29,14.5,14.66,12198990,ASML
2004-11-22,14.52,14.73,14.3,14.49,4053759,ASML
2004-11-29,15.46,15.68,14.31,14.87,8437695,ASML
2004-12-06,14.66,15.89,14.49,15.53,7396586,ASML
2004-12-13,14.67,15.33,14.58,14.83,5926741,ASML
2004-12-20,14.83,14.89,14.39,14.57,2803210,ASML
2004-12-27,15.01,15.17,14.65,14.82,3065010,ASML
2005-01-03,13.79,15.24,13.66,15.19,7884046,ASML
2005-01-10,14.57,14.61,13.63,13.79,12013301,ASML
2005-01-17,14.09,14.6,13.78,14.36,10912645,ASML
2005-01-24,15.06,15.26,13.86,14.11,8445292,ASML
2005-01-31,15.88,15.94,15.13,15.22,10266597,ASML
2005-02-07,16.35,16.48,15.52,15.85,11538911,ASML
2005-02-14,16.7,17.03,16.5,16.81,10037173,ASML
2005-02-21,17.65,17.76,16.7,16.75,13530577,ASML
2005-02-28,17.02,17.7,16.85,17.55,9618430,ASML
2005-03-07,16.29,17.0,16.24,16.82,9147189,ASML
2005-03-14,15.84,16.56,15.79,16.33,10801353,ASML
2005-03-21,15.96,16.27,15.53,15.77,6150829,ASML
2005-03-28,15.45,16.2,15.37,15.94,8242148,ASML
2005-04-04,15.48,15.61,15.09,15.31,6370810,ASML
2005-04-11,13.97,15.64,13.89,15.63,15358797,ASML
2005-04-18,14.63,14.85,13.86,13.96,8004510,ASML
2005-04-25,13.66,14.77,13.15,14.71,10083305,ASML
2005-05-02,14.27,14.49,13.52,13.69,7765774,ASML
2005-05-09,14.9,15.15,14.03,14.36,6941088,ASML
2005-05-16,15.05,15.38,14.77,14.77,7019800,ASML
2005-05-23,15.57,15.62,14.89,15.11,7250252,ASML
2005-05-30,15.54,15.9,15.07,15.56,5833999,ASML
2005-06-06,15.32,15.57,15.11,15.32,5237711,ASML
2005-06-13,15.64,15.8,15.08,15.25,6246788,ASML
2005-06-20,15.23,16.08,15.2,15.43,5721751,ASML
2005-06-27,14.71,15.29,14.65,15.24,4990079,ASML
2005-07-04,15.21,15.27,14.57,14.6,3392928,ASML
2005-07-11,16.13,16.45,15.37,15.53,19274503,ASML
2005-07-18,16.81,17.1,15.71,15.95,7306856,ASML
2005-07-25,16.6,16.78,16.2,16.66,6847593,ASML
2005-08-01,16.44,16.92,16.33,16.63,4002700,ASML
2005-08-08,16.38,16.81,16.28,16.5,4187842,ASML
2005-08-15,16.31,16.63,15.98,16.27,5467342,ASML
2005-08-22,15.66,16.51,15.65,16.35,4976526,ASML
2005-08-29,15.68,15.98,15.39,15.66,6296136,ASML
2005-09-05,16.52,16.63,15.98,15.99,5506697,ASML
2005-09-12,16.22,16.71,15.95,16.41,6753824,ASML
2005-09-19,15.19,16.26,15.01,16.26,9369291,ASML
2005-09-26,15.57,15.6,15.08,15.34,6616182,ASML
2005-10-03,15.74,16.12,15.61,15.66,9131447,ASML
2005-10-10,16.21,16.41,15.32,15.72,13947197,ASML
2005-10-17,16.15,16.3,15.64,16.25,8430714,ASML
2005-10-24,15.99,16.48,15.63,16.19,10177004,ASML
2005-10-31,17.03,17.4,15.82,15.91,11907622,ASML
2005-11-07,17.4,17.68,16.99,17.01,9449303,ASML
2005-11-14,17.6,17.68,16.99,17.47,8799012,ASML
2005-11-21,18.54,18.61,17.61,17.61,5791152,ASML
2005-11-28,18.61,18.94,18.04,18.55,12533067,ASML
2005-12-05,18.63,19.05,18.31,18.46,11132078,ASML
2005-12-12,18.58,19.12,18.51,18.79,6149732,ASML
2005-12-19,18.94,19.04,18.48,18.83,6239259,ASML
2005-12-26,18.94,19.26,18.73,18.96,3845005,ASML
2006-01-02,20.7,20.76,19.01,19.2,8673281,ASML
2006-01-09,19.85,21.33,19.69,20.77,15044499,ASML
2006-01-16,19.69,20.93,19.12,19.23,17817184,ASML
2006-01-23,22.23,22.29,19.92,20.17,17504599,ASML
2006-01-30,21.0,22.05,20.91,21.96,10144015,ASML
2006-02-06,21.11,21.86,20.81,20.89,9488384,ASML
2006-02-13,20.62,21.23,20.56,20.77,5825787,ASML
2006-02-20,19.53,20.67,19.48,20.61,7247445,ASML
2006-02-27,20.03,20.24,19.45,19.6,9018377,ASML
2006-03-06,18.8,19.95,18.67,19.79,7393642,ASML
2006-03-13,19.11,19.87,18.9,19.07,6992832,ASML
2006-03-20,18.76,19.05,18.38,18.98,10634350,ASML
2006-03-27,19.21,19.36,18.25,18.76,8283968,ASML
2006-04-03,19.55,19.99,18.95,19.01,11366089,ASML
2006-04-10,19.26,19.62,18.77,19.57,6583603,ASML
2006-04-17,20.36,20.56,19.0,19.33,18801483,ASML
2006-04-24,19.94,20.59,19.78,20.29,5724557,ASML
2006-05-01,21.11,21.11,19.76,20.11,8242286,ASML
2006-05-08,18.98,21.24,18.92,21.12,8224558,ASML
2006-05-15,18.05,18.97,17.74,18.96,10637088,ASML
2006-05-22,18.91,19.25,17.27,17.8,11911524,ASML
2006-05-29,19.79,19.94,18.9,19.13,6922061,ASML
2006-06-05,18.24,19.71,18.14,19.69,8042495,ASML
2006-06-12,18.7,19.24,18.01,18.49,7949823,ASML
2006-06-19,18.75,19.22,18.21,18.76,8936928,ASML
2006-06-26,19.07,19.07,18.08,18.77,7078867,ASML
2006-07-03,18.38,19.3,18.29,19.18,7693703,ASML
2006-07-10,17.57,18.7,17.31,18.63,9299958,ASML
2006-07-17,17.5,18.92,17.23,17.37,15815389,ASML
2006-07-24,18.63,18.73,17.56,17.68,9802066,ASML
2006-07-31,18.46,19.08,18.13,18.46,6472792,ASML
2006-08-07,18.3,19.1,18.15,18.45,8629545,ASML
2006-08-14,20.16,20.31,18.53,18.53,7445113,ASML
2006-08-21,19.68,20.12,19.46,20.11,5426139,ASML
2006-08-28,20.58,20.81,19.66,19.66,7539497,ASML
2006-09-04,21.22,21.42,20.34,20.42,10524634,ASML
2006-09-11,21.39,21.88,20.89,21.08,7405758,ASML
2006-09-18,20.88,21.53,20.78,21.17,6869905,ASML
2006-09-25,21.95,22.13,21.08,21.18,7361062,ASML
2006-10-02,22.0,22.27,21.68,21.85,7405346,ASML
2006-10-09,22.87,22.98,21.92,21.92,7559552,ASML
2006-10-16,21.44,23.01,20.77,22.79,16610782,ASML
2006-10-23,21.52,21.98,20.99,21.16,7056143,ASML
2006-10-30,21.59,21.85,21.3,21.46,12420683,ASML
2006-11-06,22.09,22.4,21.69,21.78,5605736,ASML
2006-11-13,23.42,23.47,22.11,22.11,8245023,ASML
2006-11-20,23.99,24.44,23.24,23.28,6084573,ASML
2006-11-27,23.37,23.73,23.01,23.66,9240478,ASML
2006-12-04,23.72,24.38,23.19,23.33,5002125,ASML
2006-12-11,23.71,23.96,23.34,23.79,7644492,ASML
2006-12-18,22.61,23.76,22.45,23.71,13071247,ASML
2006-12-25,23.23,23.43,22.57,22.66,4410150,ASML
2007-01-01,23.34,23.35,22.68,23.04,7982333,ASML
2007-01-08,23.3,23.8,22.93,23.57,11434260,ASML
2007-01-15,23.76,25.06,22.77,23.46,23713536,ASML
2007-01-22,23.91,24.09,23.4,23.64,14541775,ASML
2007-01-29,23.92,24.09,23.41,23.71,9656143,ASML
2007-02-05,23.74,24.42,23.56,23.67,9459433,ASML
2007-02-12,24.56,24.6,23.24,23.61,9705149,ASML
2007-02-19,24.29,24.42,23.76,24.1,8480610,ASML
2007-02-26,21.99,24.21,21.88,24.15,13580816,ASML
2007-03-05,21.94,22.23,21.41,21.47,10796016,ASML
2007-03-12,22.33,22.47,21.36,21.94,14164850,ASML
2007-03-19,23.25,23.36,22.07,22.3,11256510,ASML
2007-03-26,23.34,23.47,22.83,23.25,10048603,ASML
2007-04-02,24.22,24.3,23.26,23.5,5635168,ASML
2007-04-09,24.31,24.52,23.74,24.15,8551722,ASML
2007-04-16,26.22,26.47,24.23,24.59,14430827,ASML
2007-04-23,25.75,26.44,25.58,25.82,9336027,ASML
2007-04-30,25.88,26.06,25.48,25.67,6943689,ASML
2007-05-07,24.58,25.9,24.16,25.81,8824884,ASML
2007-05-14,24.06,24.74,23.69,24.59,10312456,ASML
2007-05-21,23.33,24.21,23.27,23.98,11035846,ASML
2007-05-28,24.76,25.2,22.95,23.68,11929456,ASML
2007-06-04,24.23,24.71,23.54,24.54,14494207,ASML
2007-06-11,25.13,25.26,23.5,24.27,11898450,ASML
2007-06-18,26.32,26.5,25.22,25.68,10266256,ASML
2007-06-25,25.89,26.41,25.49,26.41,9297972,ASML
2007-07-02,26.55,26.69,26.28,26.52,4709525,ASML
2007-07-09,27.01,27.18,26.01,26.69,13666438,ASML
2007-07-16,28.55,28.78,26.91,27.05,20927300,ASML
2007-07-23,27.59,29.09,27.59,28.61,14709464,ASML
2007-07-30,27.23,28.4,27.19,28.11,7724571,ASML
2007-08-06,26.5,28.18,26.07,27.33,12943666,ASML
2007-08-13,25.16,27.3,24.42,26.71,12346762,ASML
2007-08-20,27.23,27.3,25.46,25.64,7139578,ASML
2007-08-27,27.98,28.22,26.53,27.17,5400472,ASML
2007-09-03,28.88,29.91,28.4,28.4,6078072,ASML
2007-09-10,28.34,29.51,28.17,29.39,9228980,ASML
2007-09-17,30.16,30.4,27.74,28.17,7367497,ASML
2007-09-24,30.99,31.37,30.2,30.38,9112282,ASML
2007-10-01,27.27,28.8,26.8,28.48,6053586,ASML
2007-10-08,28.29,29.57,27.74,29.19,9300368,ASML
2007-10-15,31.05,32.2,28.37,28.56,8839061,ASML
2007-10-22,31.28,32.66,30.96,31.39,7562786,ASML
2007-10-29,31.47,32.32,30.8,31.72,5065445,ASML
2007-11-05,30.53,31.75,30.21,31.23,6585117,ASML
2007-11-12,29.99,31.1,29.38,30.64,8277577,ASML
2007-11-19,30.25,30.61,29.15,29.71,4028563,ASML
2007-11-26,31.55,32.04,29.67,30.98,8365357,ASML
2007-12-03,31.58,31.82,30.36,31.31,5887651,ASML
2007-12-10,31.07,32.09,30.46,31.95,7249088,ASML
2007-12-17,29.01,30.99,28.82,30.89,12594428,ASML
2007-12-24,28.68,29.24,28.44,29.01,3090626,ASML
2007-12-31,25.63,28.82,25.56,28.71,11432575,ASML
2008-01-07,24.41,26.23,24.31,25.25,11057046,ASML
2008-01-14,23.58,25.78,22.35,25.42,23387133,ASML
2008-01-21,25.0,26.31,22.3,22.31,12839827,ASML
2008-01-28,25.38,25.42,23.12,24.8,11316305,ASML
2008-02-04,22.55,24.61,22.18,24.37,12716550,ASML
2008-02-11,22.46,23.94,22.09,22.49,10929534,ASML
2008-02-18,22.56,23.05,22.01,22.95,6413407,ASML
2008-02-25,21.87,23.32,21.77,22.4,8237537,ASML
2008-03-03,21.64,22.08,20.88,21.67,9808953,ASML
2008-03-10,20.62,22.11,20.38,21.82,9170238,ASML
2008-03-17,20.88,21.29,19.83,20.17,9022321,ASML
2008-03-24,21.67,21.98,20.91,21.08,8962954,ASML
2008-03-31,23.81,24.26,22.07,22.13,11820732,ASML
2008-04-07,21.77,24.14,21.67,23.6,14953400,ASML
2008-04-14,26.04,26.04,22.03,22.19,18786306,ASML
2008-04-21,27.07,27.34,25.02,25.46,17574172,ASML
2008-04-28,27.25,27.36,25.7,26.78,9839522,ASML
2008-05-05,26.85,27.89,26.49,26.78,14742574,ASML
2008-05-12,27.91,27.99,26.59,26.86,14316841,ASML
2008-05-19,26.76,27.95,26.43,27.81,11569481,ASML
2008-05-26,27.59,27.65,26.72,26.72,4700773,ASML
2008-06-02,25.76,27.45,25.76,26.9,6393541,ASML
2008-06-09,25.13,26.18,24.6,26.13,7382837,ASML
2008-06-16,22.85,26.21,22.79,25.38,13228908,ASML
2008-06-23,22.64,23.74,22.1,22.89,20307056,ASML
2008-06-30,21.97,22.78,21.61,22.62,9369976,ASML
2008-07-07,20.89,22.36,20.59,22.15,12587498,ASML
2008-07-14,21.67,22.47,19.83,21.08,24272864,ASML
2008-07-21,21.08,22.18,20.42,22.11,12311222,ASML
2008-07-28,20.68,21.86,20.59,21.26,11314380,ASML
2008-08-04,22.09,22.65,20.88,21.0,10107790,ASML
2008-08-11,22.7,23.31,22.29,22.32,8863547,ASML
2008-08-18,21.72,22.48,21.14,22.3,8044575,ASML
2008-08-25,21.78,22.68,21.49,21.8,6841758,ASML
2008-09-01,20.16,22.72,19.59,22.67,9046191,ASML
2008-09-08,18.47,20.36,18.26,20.23,16604434,ASML
2008-09-15,19.4,19.98,17.24,18.25,19248845,ASML
2008-09-22,17.18,19.16,16.86,19.06,18206342,ASML
2008-09-29,15.45,16.54,14.86,16.28,16072364,ASML
2008-10-06,13.61,15.54,12.81,15.47,18582487,ASML
2008-10-13,14.11,15.15,13.09,14.45,22001903,ASML
2008-10-20,14.43,15.89,13.02,14.58,19204647,ASML
2008-10-27,16.16,16.5,14.09,15.0,14033789,ASML
2008-11-03,15.26,17.56,14.43,16.02,15820959,ASML
2008-11-10,13.88,16.08,12.9,16.07,11969496,ASML
2008-11-17,12.69,13.87,11.64,13.74,11384373,ASML
2008-11-24,14.12,14.46,13.01,13.22,5843530,ASML
2008-12-01,13.05,13.36,12.49,13.21,12145056,ASML
2008-12-08,15.14,15.27,12.89,12.93,12443662,ASML
2008-12-15,16.04,16.57,15.07,15.57,14532595,ASML
2008-12-22,16.09,16.32,15.55,16.22,4196962,ASML
2008-12-29,16.76,16.84,15.69,16.07,5219599,ASML
2009-01-05,15.55,17.25,15.49,16.39,8458219,ASML
2009-01-12,15.39,15.65,14.22,15.11,12832050,ASML
2009-01-19,14.94,15.32,13.94,15.21,7890498,ASML
2009-01-26,15.23,16.83,14.84,14.91,9381757,ASML
2009-02-02,16.86,17.0,15.07,15.1,11533368,ASML
2009-02-09,16.34,17.18,15.31,17.11,11720016,ASML
2009-02-16,14.26,15.55,13.96,15.52,9122344,ASML
2009-02-23,13.94,14.85,13.5,14.09,11428571,ASML
2009-03-02,13.48,14.57,12.92,13.53,15176007,ASML
2009-03-09,15.37,15.55,13.17,13.36,16808022,ASML
2009-03-16,15.57,16.93,14.91,15.9,15861769,ASML
2009-03-23,16.06,16.84,15.59,15.92,13532288,ASML
2009-03-30,17.48,17.52,15.53,15.76,14549920,ASML
2009-04-06,17.93,18.18,16.8,17.86,10313688,ASML
2009-04-13,19.36,19.56,17.62,17.87,17910200,ASML
2009-04-20,18.8,19.1,17.78,18.47,14561239,ASML
2009-04-27,19.81,20.11,17.86,18.36,10890803,ASML
2009-05-04,18.47,20.74,17.88,19.95,12603591,ASML
2009-05-11,17.92,18.34,17.14,17.79,8166158,ASML
2009-05-18,18.54,19.68,18.0,18.0,9829512,ASML
2009-05-25,19.37,19.42,18.34,18.5,7125272,ASML
2009-06-01,19.2,20.78,19.11,19.68,11676126,ASML
2009-06-08,19.91,20.14,18.78,18.85,9064132,ASML
2009-06-15,19.35,19.7,18.72,19.45,8736266,ASML
2009-06-22,20.0,20.13,18.39,19.06,8580572,ASML
2009-06-29,20.65,21.19,19.86,20.04,5722332,ASML
2009-07-06,19.87,20.63,19.54,20.36,8825971,ASML
2009-07-13,22.28,22.3,19.97,20.25,15264711,ASML
2009-07-20,22.87,23.07,21.86,22.35,9642633,ASML
2009-07-27,24.33,24.52,22.22,22.81,12268564,ASML
2009-08-03,24.03,24.86,23.39,24.51,11715935,ASML
2009-08-10,23.92,24.41,23.23,23.83,8611526,ASML
2009-08-17,25.17,25.19,23.29,23.54,8409632,ASML
2009-08-24,26.17,26.96,25.02,25.62,9121728,ASML
2009-08-31,26.03,26.07,24.12,25.75,8880025,ASML
2009-09-07,27.49,28.24,26.45,26.99,15404466,ASML
2009-09-14,27.44,28.42,27.07,27.09,13805946,ASML
2009-09-21,27.18,28.27,27.03,27.27,8554700,ASML
2009-09-28,26.42,27.97,26.14,27.45,7582652,ASML
2009-10-05,28.45,28.52,26.34,26.49,8159921,ASML
2009-10-12,27.57,30.28,27.4,29.19,14976731,ASML
2009-10-19,28.1,28.88,27.42,27.89,11652102,ASML
2009-10-26,25.2,28.52,24.92,28.13,11213664,ASML
2009-11-02,26.82,27.27,25.03,25.56,8909901,ASML
2009-11-09,28.52,28.54,26.76,27.22,8689065,ASML
2009-11-16,28.19,30.22,27.75,29.04,11686675,ASML
2009-11-23,28.96,29.53,28.3,28.55,4562943,ASML
2009-11-30,30.84,31.24,28.55,28.93,6718866,ASML
2009-12-07,30.41,30.8,29.59,30.49,4645025,ASML
2009-12-14,31.27,31.78,30.75,31.2,2935394,ASML
2009-12-21,32.35,32.51,31.14,31.15,2133978,ASML
2009-12-28,31.89,32.4,31.65,32.37,1846845,ASML
2010-01-04,31.29,33.11,31.15,32.55,8620073,ASML
2010-01-11,30.62,31.73,30.4,30.98,11674586,ASML
2010-01-18,29.68,31.65,29.48,30.26,12505493,ASML
2010-01-25,29.24,30.98,28.99,30.3,11790394,ASML
2010-02-01,29.08,30.8,28.17,29.54,11019085,ASML
2010-02-08,29.42,29.97,28.4,28.66,8761291,ASML
2010-02-15,29.75,30.15,29.17,29.32,5167316,ASML
2010-02-22,28.84,30.15,27.89,30.11,8494794,ASML
2010-03-01,31.63,31.64,28.94,28.94,12699225,ASML
2010-03-08,32.22,32.43,31.63,31.9,7917910,ASML
2010-03-15,31.45,32.52,31.07,31.72,6078842,ASML
2010-03-22,33.03,33.4,30.97,30.99,8324239,ASML
2010-03-29,33.62,34.05,32.8,33.41,5289438,ASML
2010-04-05,33.92,34.05,32.76,33.76,4293905,ASML
2010-04-12,32.63,34.27,32.26,34.23,9269183,ASML
2010-04-19,33.61,34.03,32.38,32.44,9770453,ASML
2010-04-26,30.8,33.9,30.74,33.68,10806180,ASML
2010-05-03,27.93,31.57,26.58,30.85,13762441,ASML
2010-05-10,28.22,30.26,27.66,29.93,8381527,ASML
2010-05-17,27.26,28.68,25.8,28.34,16940077,ASML
2010-05-24,26.65,27.31,25.15,26.76,14497945,ASML
2010-05-31,26.37,28.2,26.2,26.64,9176937,ASML
2010-06-07,27.77,28.01,25.46,26.52,9861390,ASML
2010-06-14,29.15,29.4,28.3,28.81,10074449,ASML
2010-06-21,27.95,29.62,27.43,29.59,7938777,ASML
2010-06-28,26.48,27.95,25.68,27.63,10540145,ASML
2010-07-05,28.59,28.59,26.75,27.56,9668043,ASML
2010-07-12,29.16,30.6,27.97,28.01,18350717,ASML
2010-07-19,30.28,30.28,28.65,29.3,12238072,ASML
2010-07-26,30.36,30.98,29.71,29.9,11184866,ASML
2010-08-02,30.24,31.35,29.93,30.95,9490096,ASML
2010-08-09,26.46,30.57,26.29,30.28,16265172,ASML
2010-08-16,26.62,27.55,26.29,26.34,10148831,ASML
2010-08-23,24.57,26.62,23.73,26.39,12512654,ASML
2010-08-30,25.38,25.6,23.24,24.23,10570252,ASML
2010-09-06,24.97,25.32,24.3,25.03,4990139,ASML
2010-09-13,26.9,26.98,25.8,25.81,7372288,ASML
2010-09-20,27.74,27.93,26.59,27.08,8766142,ASML
2010-09-27,28.22,29.1,27.34,27.79,7150374,ASML
2010-10-04,27.82,28.89,27.49,28.88,9748585,ASML
2010-10-11,30.94,31.03,28.09,28.21,11636779,ASML
2010-10-18,30.52,31.26,29.97,30.94,9766911,ASML
2010-10-25,31.27,32.06,30.41,31.24,7870093,ASML
2010-11-01,32.26,32.87,31.17,31.61,9011079,ASML
2010-11-08,30.43,32.43,29.98,31.5,11752664,ASML
2010-11-15,32.72,32.73,29.77,30.53,10952172,ASML
2010-11-22,32.62,32.91,31.57,32.26,8910594,ASML
2010-11-29,33.56,33.64,30.17,31.52,10046344,ASML
2010-12-06,35.27,35.83,32.59,33.33,14652869,ASML
2010-12-13,36.05,36.08,34.42,35.24,7922145,ASML
2010-12-20,35.71,36.14,35.59,35.95,3462613,ASML
2010-12-27,36.16,36.66,35.68,36.0,3123582,ASML
2011-01-03,34.25,37.0,33.72,36.6,11819731,ASML
2011-01-10,38.51,38.75,33.15,33.19,15830661,ASML
2011-01-17,36.74,38.29,34.67,38.04,19433799,ASML
2011-01-24,39.69,40.62,36.25,36.25,20047181,ASML
2011-01-31,40.96,42.12,39.06,39.46,17077137,ASML
2011-02-07,41.06,41.79,39.69,41.38,9641324,ASML
2011-02-14,42.51,42.78,40.74,40.89,8298521,ASML
2011-02-21,41.05,42.02,40.0,40.95,7709933,ASML
2011-02-28,42.93,43.31,40.67,41.53,6658113,ASML
2011-03-07,38.89,42.71,37.87,42.54,9765987,ASML
2011-03-14,38.56,39.48,36.78,39.19,8007076,ASML
2011-03-21,40.6,41.19,39.04,39.71,8133818,ASML
2011-03-28,41.78,42.18,40.33,40.84,6226759,ASML
2011-04-04,39.95,42.24,39.63,41.96,7036876,ASML
2011-04-11,37.76,40.7,36.95,40.42,24063809,ASML
2011-04-18,38.45,39.37,35.85,36.54,13058815,ASML
2011-04-25,39.39,39.94,38.37,38.41,11130658,ASML
2011-05-02,38.54,40.69,38.3,40.12,11846373,ASML
2011-05-09,37.88,40.01,37.42,38.99,9746891,ASML
2011-05-16,37.81,38.85,37.43,38.41,9589349,ASML
2011-05-23,36.38,36.77,35.71,36.52,10521434,ASML
2011-05-30,36.55,37.36,36.33,37.32,4417182,ASML
2011-06-06,34.95,37.3,34.79,36.54,6649643,ASML
2011-06-13,33.81,36.3,33.52,35.11,7097013,ASML
2011-06-20,33.43,34.19,32.73,33.28,5816118,ASML
2011-06-27,36.26,36.31,33.98,34.19,7993524,ASML
2011-07-04,35.78,37.07,35.06,36.21,6409788,ASML
2011-07-11,32.8,35.87,32.29,35.41,20929370,ASML
2011-07-18,36.1,36.24,32.23,32.42,10983588,ASML
2011-07-25,34.07,36.41,33.88,35.48,11059048,ASML
2011-08-01,31.94,34.69,30.75,34.53,14579411,ASML
2011-08-08,33.89,34.37,29.29,29.56,18488932,ASML
2011-08-15,31.43,34.36,30.9,34.09,10134201,ASML
2011-08-22,32.96,33.61,31.31,32.24,8739577,ASML
2011-08-29,32.42,34.29,32.17,33.8,7532833,ASML
2011-09-05,32.59,33.31,30.65,30.65,6202966,ASML
2011-09-12,34.98,35.31,32.48,32.49,14861693,ASML
2011-09-19,33.62,35.89,32.6,34.41,14040180,ASML
2011-09-26,33.01,36.11,32.98,34.12,9332862,ASML
2011-10-03,34.73,35.25,31.59,32.24,12328085,ASML
2011-10-10,38.53,38.54,34.04,35.32,18202800,ASML
2011-10-17,38.71,38.8,37.34,37.68,14231679,ASML
2011-10-24,41.62,41.94,38.47,38.51,12849452,ASML
2011-10-31,40.48,40.67,38.19,40.38,12791317,ASML
2011-11-07,39.72,41.32,38.18,39.8,9093854,ASML
2011-11-14,36.38,39.24,36.3,39.17,6810573,ASML
2011-11-21,34.61,36.63,34.59,35.88,5066215,ASML
2011-11-28,38.86,39.05,35.38,35.9,11481470,ASML
2011-12-05,39.76,40.28,38.81,39.34,15799938,ASML
2011-12-12,37.6,38.85,37.08,38.83,7250243,ASML
2011-12-19,39.61,39.76,37.27,37.87,6827436,ASML
2011-12-26,39.94,40.45,39.55,39.93,3111416,ASML
2012-01-02,39.1,41.1,38.77,41.07,7077532,ASML
2012-01-09,39.45,40.12,38.9,39.37,8408092,ASML
2012-01-16,41.29,41.6,39.38,40.79,11026862,ASML
2012-01-23,41.2,41.97,40.79,41.65,7820967,ASML
2012-01-30,43.53,43.53,40.73,41.15,6274961,ASML
2012-02-06,43.25,43.66,42.69,43.3,7547463,ASML
2012-02-13,44.59,45.11,42.64,43.19,10282195,ASML
2012-02-20,44.26,44.79,43.69,44.79,7938084,ASML
2012-02-27,43.2,45.65,43.03,43.55,9836904,ASML
2012-03-05,44.61,44.79,42.13,43.15,8436043,ASML
2012-03-12,45.92,46.24,44.24,44.46,4754827,ASML
2012-03-19,45.65,46.92,45.34,46.14,6095166,ASML
2012-03-26,47.92,48.09,46.26,46.36,6432195,ASML
2012-04-02,45.86,48.71,45.59,48.03,6286973,ASML
2012-04-09,46.53,47.38,44.97,45.41,8416562,ASML
2012-04-16,47.39,49.08,45.63,46.72,13307602,ASML
2012-04-23,48.84,49.47,45.78,46.61,9713550,ASML
2012-04-30,46.45,49.32,46.24,48.26,5291594,ASML
2012-05-07,46.83,47.81,45.74,47.46,8547462,ASML
2012-05-14,43.4,46.26,43.37,45.46,8253245,ASML
2012-05-21,44.48,45.49,43.75,44.04,5011776,ASML
2012-05-28,42.35,46.05,42.29,45.86,5406170,ASML
2012-06-04,46.31,46.71,42.38,42.75,6398777,ASML
2012-06-11,48.28,48.6,45.95,46.95,6565482,ASML
2012-06-18,48.1,50.69,47.94,48.2,10743117,ASML
2012-06-25,49.72,50.01,45.94,47.81,9565556,ASML
2012-07-02,47.79,51.12,47.76,50.22,3149069,ASML
2012-07-09,49.5,51.54,46.74,47.34,16177315,ASML
2012-07-16,53.64,54.31,48.73,49.55,8787933,ASML
2012-07-23,56.91,57.15,52.32,52.55,9881179,ASML
2012-07-30,56.2,57.24,53.64,56.11,10775688,ASML
2012-08-06,55.69,56.3,54.26,56.07,7300601,ASML
2012-08-13,56.14,56.15,54.75,55.41,3941014,ASML
2012-08-20,55.86,57.16,55.34,55.9,4160618,ASML
2012-08-27,54.89,56.25,53.93,56.24,6717326,ASML
2012-09-03,54.94,56.12,53.95,54.91,5641405,ASML
2012-09-10,55.24,56.25,53.48,54.52,6181406,ASML
2012-09-17,52.16,55.8,52.03,55.65,10285583,ASML
2012-09-24,51.9,52.63,50.12,51.21,10983434,ASML
2012-10-01,54.25,55.04,51.34,52.05,8779001,ASML
2012-10-08,51.24,53.76,51.09,53.72,9352959,ASML
2012-10-15,50.45,52.32,47.12,50.72,44981013,ASML
2012-10-22,52.55,53.2,50.46,52.0,24601962,ASML
2012-10-29,54.44,55.28,52.76,53.83,10124730,ASML
2012-11-05,53.55,55.64,52.86,53.92,8540840,ASML
2012-11-12,53.09,54.23,51.59,53.66,10186099,ASML
2012-11-19,55.63,56.13,53.02,53.37,5365591,ASML
2012-11-26,46.59,57.3,46.1,56.34,10765460,ASML
2012-12-03,55.9,55.92,53.61,55.48,13990800,ASML
2012-12-10,56.02,56.67,54.95,55.58,10612500,ASML
2012-12-17,55.85,57.2,55.42,56.34,10486800,ASML
2012-12-24,55.58,56.23,55.07,55.97,3108400,ASML
2012-12-31,56.97,58.79,55.54,55.61,8430800,ASML
2013-01-07,57.59,57.89,55.28,55.77,7293900,ASML
2013-01-14,60.89,61.29,55.21,57.4,15415400,ASML
2013-01-21,65.18,65.36,60.31,61.41,9023400,ASML
2013-01-28,68.85,68.93,65.66,67.09,12518100,ASML
2013-02-04,65.83,68.37,65.53,67.75,9930200,ASML
2013-02-11,63.95,66.42,63.83,65.92,5554900,ASML
2013-02-18,63.08,65.47,61.94,64.99,4512200,ASML
2013-02-25,63.06,64.23,61.33,64.04,8568800,ASML
2013-03-04,61.39,64.48,61.11,62.73,8234700,ASML
2013-03-11,62.35,63.3,60.95,61.06,9440100,ASML
2013-03-18,60.14,62.15,59.8,61.57,7261300,ASML
2013-03-25,59.85,61.07,57.16,60.36,9480800,ASML
2013-04-01,58.73,60.26,57.27,59.77,8374200,ASML
2013-04-08,60.84,61.8,57.93,58.67,8717700,ASML
2013-04-15,63.37,63.95,58.45,60.06,14238800,ASML
2013-04-22,64.9,66.74,62.15,62.95,6950700,ASML
2013-04-29,68.88,69.2,65.48,66.05,6403200,ASML
2013-05-06,69.6,69.68,67.69,68.22,5731700,ASML
2013-05-13,70.18,70.19,68.66,69.18,6052400,ASML
2013-05-20,72.25,72.6,70.64,70.74,7897700,ASML
2013-05-27,72.23,75.17,72.17,73.92,13236900,ASML
2013-06-03,71.62,74.2,68.9,73.35,22979400,ASML
2013-06-10,70.89,72.08,69.67,71.75,4939300,ASML
2013-06-17,67.92,72.72,67.62,71.5,4423200,ASML
2013-06-24,70.31,70.96,65.67,65.72,4898500,ASML
2013-07-01,72.96,73.19,69.45,70.84,3288800,ASML
2013-07-08,77.45,78.02,72.02,73.97,5607600,ASML
2013-07-15,79.14,80.72,76.49,78.15,7996100,ASML
2013-07-22,79.26,79.7,78.0,78.69,5116000,ASML
2013-07-29,81.7,81.75,78.76,79.84,4304500,ASML
2013-08-05,81.3,82.05,80.61,81.01,3660400,ASML
2013-08-12,81.23,83.1,80.7,80.74,3201900,ASML
2013-08-19,80.72,81.91,79.73,81.4,2842700,ASML
2013-08-26,77.37,81.16,77.17,80.99,5309400,ASML
2013-09-02,78.89,80.13,77.88,78.2,4985100,ASML
2013-09-09,82.6,83.55,78.73,79.16,3523400,ASML
2013-09-16,86.62,86.97,81.78,83.18,3322000,ASML
2013-09-23,87.49,87.52,85.14,86.41,2923600,ASML
2013-09-30,89.73,90.52,87.5,87.72,3962100,ASML
2013-10-07,86.99,88.97,83.63,87.92,5169100,ASML
2013-10-14,82.51,86.65,81.07,86.29,9512700,ASML
2013-10-21,83.82,84.06,81.81,81.81,5791300,ASML
2013-10-28,82.34,84.47,82.11,83.5,3474200,ASML
2013-11-04,77.65,82.13,76.73,81.92,5208700,ASML
2013-11-11,79.92,79.92,76.53,77.91,10042500,ASML
2013-11-18,81.51,81.62,78.47,79.49,6076000,ASML
2013-11-25,82.99,83.62,81.43,81.89,2862000,ASML
2013-12-02,81.27,83.74,80.71,83.18,3117800,ASML
2013-12-09,78.3,82.52,78.05,82.13,5370700,ASML
2013-12-16,81.3,81.57,77.99,78.85,4232900,ASML
2013-12-23,83.6,84.28,81.48,82.27,1829800,ASML
2013-12-30,81.8,83.8,81.68,83.77,2635600,ASML
2014-01-06,80.94,80.95,78.93,80.93,3954100,ASML
2014-01-13,75.01,81.24,74.01,80.06,9709600,ASML
2014-01-20,77.84,82.02,75.43,75.81,12133200,ASML
2014-01-27,75.21,78.66,74.44,78.6,7003100,ASML
2014-02-03,77.82,77.86,74.58,75.95,4395600,ASML
2014-02-10,79.26,79.64,77.36,77.69,4879100,ASML
2014-02-17,79.02,79.97,78.3,79.94,6978200,ASML
2014-02-24,76.55,80.18,75.56,79.44,6330100,ASML
2014-03-03,80.99,81.58,75.38,75.55,11298100,ASML
2014-03-10,79.52,81.39,79.18,80.62,7624500,ASML
2014-03-17,82.11,83.39,80.21,80.37,4197100,ASML
2014-03-24,81.61,82.96,80.62,82.06,3578300,ASML
2014-03-31,80.71,83.34,80.43,82.56,3142900,ASML
2014-04-07,77.61,82.32,77.09,80.99,6426900,ASML
2014-04-14,72.56,77.59,71.04,76.95,10858100,ASML
2014-04-21,72.59,75.05,72.02,72.71,6178600,ASML
2014-04-28,72.6,74.32,72.42,73.77,4519200,ASML
2014-05-05,72.1,73.35,71.5,71.87,4057200,ASML
2014-05-12,72.77,73.82,71.92,73.24,2921500,ASML
2014-05-19,74.97,75.27,72.54,72.61,2394400,ASML
2014-05-26,77.09,77.48,75.66,75.69,2089400,ASML
2014-06-02,79.95,79.98,76.81,77.74,5175100,ASML
2014-06-09,80.23,80.89,79.46,79.48,4264700,ASML
2014-06-16,85.09,85.19,80.75,80.88,5075200,ASML
2014-06-23,82.9,83.88,81.86,83.03,2865200,ASML
2014-06-30,85.89,85.89,83.02,83.05,1394800,ASML
2014-07-07,82.06,86.39,81.56,86.1,4643000,ASML
2014-07-14,77.05,82.17,76.58,81.96,7784700,ASML
2014-07-21,76.27,79.08,75.92,78.52,5226000,ASML
2014-07-28,82.85,86.77,74.74,75.38,13185600,ASML
2014-08-04,82.05,83.76,80.95,82.44,4317900,ASML
2014-08-11,82.4,83.29,81.32,82.74,3061700,ASML
2014-08-18,83.92,84.64,82.57,82.91,3246200,ASML
2014-08-25,86.28,86.83,84.73,84.83,2704500,ASML
2014-09-01,87.71,90.91,86.0,86.24,7299500,ASML
2014-09-08,88.79,89.55,86.76,87.66,4971800,ASML
2014-09-15,90.51,91.94,89.18,89.66,5697200,ASML
2014-09-22,89.82,90.3,88.0,90.26,4429200,ASML
2014-09-29,87.47,89.94,85.79,88.78,3261100,ASML
2014-10-06,80.84,88.45,80.8,88.23,5467100,ASML
2014-10-13,83.04,84.6,79.48,81.61,6517700,ASML
2014-10-20,85.33,85.79,81.62,81.64,3342300,ASML
2014-10-27,89.48,89.69,84.63,84.84,3203000,ASML
2014-11-03,89.56,91.54,88.25,89.37,2444000,ASML
2014-11-10,91.65,92.21,90.23,90.38,2989200,ASML
2014-11-17,94.86,96.0,91.44,91.69,3960500,ASML
2014-11-24,94.86,95.09,92.13,92.86,2862800,ASML
2014-12-01,98.08,98.3,94.29,95.3,3298200,ASML
2014-12-08,95.17,98.34,95.15,97.81,2872200,ASML
2014-12-15,95.9,97.05,92.69,95.61,3170800,ASML
2014-12-22,98.11,98.68,96.44,96.44,1831800,ASML
2014-12-29,96.4,98.37,95.67,97.99,1360300,ASML
2015-01-05,91.64,95.23,89.95,94.99,3537300,ASML
2015-01-12,92.49,94.54,90.87,93.76,4434200,ASML
2015-01-19,94.53,96.9,92.26,92.55,4080100,ASML
2015-01-26,93.3,96.36,93.18,96.05,4367200,ASML
2015-02-02,90.47,93.29,90.16,92.44,4219300,ASML
2015-02-09,93.78,93.94,88.48,88.75,2996100,ASML
2015-02-16,94.12,94.4,91.53,92.02,1663500,ASML
2015-02-23,96.66,99.5,94.26,94.82,5053400,ASML
2015-03-02,96.33,98.98,95.76,98.07,2843400,ASML
2015-03-09,94.68,97.11,93.55,96.45,4642000,ASML
2015-03-16,98.88,99.35,93.71,95.92,4206800,ASML
2015-03-23,91.43,100.0,88.34,99.05,8514900,ASML
2015-03-30,90.43,92.84,89.36,91.17,3355000,ASML
2015-04-06,89.78,91.43,89.04,90.59,5164600,ASML
2015-04-13,84.83,90.65,84.33,90.11,10268900,ASML
2015-04-20,96.19,99.82,85.22,85.27,11480200,ASML
2015-04-27,98.01,100.3,96.26,99.09,9939300,ASML
2015-05-04,97.44,99.0,94.98,99.0,5675700,ASML
2015-05-11,100.43,100.83,97.19,97.24,2936500,ASML
2015-05-18,100.37,101.54,99.13,99.44,2181900,ASML
2015-05-25,101.56,103.23,98.03,99.82,2260600,ASML
2015-06-01,98.67,102.81,98.35,101.46,4990600,ASML
2015-06-08,97.59,101.11,96.73,97.83,3600500,ASML
2015-06-15,98.4,99.72,96.04,96.3,3805200,ASML
2015-06-22,98.38,102.19,97.84,101.26,2858700,ASML
2015-06-29,94.6,97.58,93.35,95.7,4046100,ASML
2015-07-06,92.88,94.18,87.53,91.42,6747000,ASML
2015-07-13,90.93,97.83,89.78,93.86,11293900,ASML
2015-07-20,89.11,92.59,88.13,92.29,7423800,ASML
2015-07-27,89.69,90.9,87.92,89.98,4856200,ASML
2015-08-03,87.7,89.88,86.52,89.84,4579300,ASML
2015-08-10,83.83,90.51,82.39,88.04,5814700,ASML
2015-08-17,77.69,85.04,77.59,82.96,11175400,ASML
2015-08-24,83.18,84.22,74.22,76.37,11367600,ASML
2015-08-31,82.63,84.96,80.09,82.62,5699900,ASML
2015-09-07,82.91,85.46,82.04,84.76,3440300,ASML
2015-09-14,81.4,85.36,80.92,82.74,4176900,ASML
2015-09-21,77.19,82.35,74.25,81.95,8304800,ASML
2015-09-28,79.96,80.23,74.55,75.3,7730000,ASML
2015-10-05,82.18,82.85,80.06,80.21,4073600,ASML
2015-10-12,80.17,81.72,76.52,81.6,8030800,ASML
2015-10-19,84.69,85.38,79.17,80.14,5784600,ASML
2015-10-26,83.92,85.09,82.54,83.65,2760200,ASML
2015-11-02,87.12,87.38,84.6,85.26,3024700,ASML
2015-11-09,82.66,87.39,82.01,87.34,6605200,ASML
2015-11-16,82.7,84.92,81.76,81.94,13361900,ASML
2015-11-23,83.65,83.7,80.15,81.51,2126600,ASML
2015-11-30,83.2,84.57,81.71,83.91,3104500,ASML
2015-12-07,78.93,83.45,78.82,83.43,3512800,ASML
2015-12-14,79.06,81.19,77.49,78.99,2945800,ASML
2015-12-21,82.7,83.05,79.99,80.92,3252200,ASML
2015-12-28,80.28,83.43,80.28,82.9,1696600,ASML
2016-01-04,72.6,79.06,72.47,78.94,7122900,ASML
2016-01-11,70.06,75.92,69.79,75.04,5932400,ASML
2016-01-18,81.72,82.95,71.73,72.16,8981400,ASML
2016-01-25,83.06,83.14,80.43,81.65,5482100,ASML
2016-02-01,79.91,83.87,79.63,82.32,3717700,ASML
2016-02-08,74.19,78.58,72.57,76.84,7139800,ASML
2016-02-15,79.59,80.08,74.81,75.12,3497500,ASML
2016-02-22,82.14,82.49,78.94,79.43,3739800,ASML
2016-02-29,86.23,86.39,82.32,82.6,3155100,ASML
2016-03-07,88.4,88.47,84.76,85.32,3582700,ASML
2016-03-14,88.61,89.23,86.56,88.15,1814000,ASML
2016-03-21,87.66,89.22,86.8,88.14,2509700,ASML
2016-03-28,90.95,92.17,87.44,88.06,2057500,ASML
2016-04-04,91.03,92.79,89.79,92.37,3550300,ASML
2016-04-11,90.03,92.43,89.81,91.21,1934800,ASML
2016-04-18,86.7,91.11,86.03,89.41,4182900,ASML
2016-04-25,87.36,90.06,86.76,87.09,3004300,ASML
2016-05-02,83.5,88.24,83.04,87.45,3297600,ASML
2016-05-09,83.55,85.67,82.75,85.34,3591200,ASML
2016-05-16,87.38,88.21,84.92,86.17,3758700,ASML
2016-05-23,91.59,91.96,87.13,87.23,3687900,ASML
2016-05-30,92.29,92.49,90.49,91.56,2739800,ASML
2016-06-06,89.11,92.78,88.57,92.49,3500200,ASML
2016-06-13,86.62,88.93,85.3,87.52,4623200,ASML
2016-06-20,86.95,92.8,85.99,89.07,5095600,ASML
2016-06-27,90.08,90.79,83.41,84.56,5177200,ASML
2016-07-04,88.97,89.0,84.96,88.45,3681400,ASML
2016-07-11,92.99,95.04,90.6,90.71,3882700,ASML
2016-07-18,96.66,99.15,93.76,94.03,8372500,ASML
2016-07-25,100.32,101.44,96.94,97.18,4232900,ASML
2016-08-01,100.3,101.27,98.73,100.32,2080900,ASML
2016-08-08,100.91,101.7,99.79,99.98,3171100,ASML
2016-08-15,97.67,102.11,95.84,101.83,5149400,ASML
2016-08-22,97.29,99.88,96.57,97.9,2825200,ASML
2016-08-29,98.71,99.5,96.91,97.22,1944200,ASML
2016-09-05,93.08,99.11,93.07,98.63,3076300,ASML
2016-09-12,93.53,95.04,92.27,92.45,4199500,ASML
2016-09-19,99.35,100.26,94.44,94.46,3400600,ASML
2016-09-26,100.28,100.79,98.42,99.28,2461100,ASML
2016-10-03,97.35,100.53,96.42,100.08,2356600,ASML
2016-10-10,92.54,98.6,91.55,98.49,3932400,ASML
2016-10-17,96.33,96.38,91.98,92.08,4842800,ASML
2016-10-24,96.51,96.96,94.93,96.01,3436600,ASML
2016-10-31,93.79,97.33,92.87,96.55,3793100,ASML
2016-11-07,91.74,96.29,90.34,94.99,3572400,ASML
2016-11-14,95.71,95.86,90.33,90.54,5474200,ASML
2016-11-21,95.3,96.65,94.96,95.26,2968700,ASML
2016-11-28,91.31,95.18,90.45,94.53,3620600,ASML
2016-12-05,93.95,95.1,93.06,93.61,2626400,ASML
2016-12-12,97.22,97.66,93.72,94.41,2528900,ASML
2016-12-19,101.33,101.44,99.16,99.16,3687500,ASML
2016-12-26,102.68,103.1,101.06,101.39,2432000,ASML
2017-01-02,101.69,102.4,100.32,101.56,2574900,ASML
2017-01-09,105.51,105.73,101.59,101.6,3978900,ASML
2017-01-16,111.69,115.2,105.14,105.82,8497000,ASML
2017-01-23,111.43,112.56,110.36,111.62,4469900,ASML
2017-01-30,112.57,113.08,109.83,110.65,4912400,ASML
2017-02-06,114.25,114.89,111.53,111.86,3842900,ASML
2017-02-13,116.11,116.62,114.67,115.43,5610300,ASML
2017-02-20,112.13,116.77,111.32,114.65,8414900,ASML
2017-02-27,112.54,113.4,111.11,111.91,4790000,ASML
2017-03-06,114.39,114.49,109.66,110.96,3727400,ASML
2017-03-13,117.04,117.53,112.95,113.07,3544400,ASML
2017-03-20,121.02,122.21,115.44,117.9,4482100,ASML
2017-03-27,121.53,122.89,120.91,121.51,4863100,ASML
2017-04-03,120.05,121.51,119.45,121.12,2622200,ASML
2017-04-10,117.48,119.69,117.41,119.54,2854900,ASML
2017-04-17,118.99,122.36,115.34,117.95,8164200,ASML
2017-04-24,120.66,123.5,120.44,122.29,3206500,ASML
2017-05-01,125.54,125.62,121.74,122.04,3475600,ASML
2017-05-08,125.17,125.2,122.75,123.43,3183100,ASML
2017-05-15,124.63,126.87,122.28,125.15,3261000,ASML
2017-05-22,124.03,124.79,123.08,123.83,3363400,ASML
2017-05-29,124.49,124.57,121.64,122.98,3497900,ASML
2017-06-05,120.17,124.85,118.91,122.83,3063700,ASML
2017-06-12,119.81,122.5,116.48,119.43,6650000,ASML
2017-06-19,124.44,125.16,118.7,121.25,3639200,ASML
2017-06-26,120.43,125.76,118.62,125.52,6423900,ASML
2017-07-03,122.82,123.42,119.53,121.16,2644800,ASML
2017-07-10,129.32,129.44,123.39,123.84,4030900,ASML
2017-07-17,142.6,142.65,128.56,129.78,8560800,ASML
2017-07-24,140.97,143.93,140.0,142.22,4574000,ASML
2017-07-31,141.35,141.46,138.55,140.24,3530100,ASML
2017-08-07,139.73,143.44,137.66,141.73,2775500,ASML
2017-08-14,140.72,142.45,139.19,139.43,2623100,ASML
2017-08-21,142.53,143.08,139.5,140.63,2869500,ASML
2017-08-28,145.36,145.63,141.76,142.02,3198200,ASML
2017-09-04,147.61,148.89,141.84,144.09,2677000,ASML
2017-09-11,150.1,150.77,147.87,148.9,2908700,ASML
2017-09-18,153.38,155.9,151.32,152.32,4646600,ASML
2017-09-25,158.22,158.53,148.75,152.38,6438500,ASML
2017-10-02,156.6,158.74,154.99,157.48,3547800,ASML
2017-10-09,162.94,163.46,156.12,156.62,3845500,ASML
2017-10-16,161.94,163.3,155.84,162.49,6725800,ASML
2017-10-23,165.37,165.69,162.4,164.46,3546600,ASML
2017-10-30,170.59,170.66,163.85,164.78,3760400,ASML
2017-11-06,165.99,171.34,162.86,170.04,3169200,ASML
2017-11-13,166.66,168.13,163.17,164.52,3699900,ASML
2017-11-20,172.24,172.24,166.16,166.3,2680600,ASML
2017-11-27,159.36,171.85,158.23,171.75,6924300,ASML
2017-12-04,158.95,162.02,155.54,161.91,4530200,ASML
2017-12-11,160.63,162.12,157.9,159.45,7583800,ASML
2017-12-18,161.94,164.04,160.54,162.17,3124300,ASML
2017-12-25,160.65,161.62,158.39,160.49,1212700,ASML
2018-01-01,169.01,169.55,160.79,160.94,3304500,ASML
2018-01-08,167.16,170.48,164.43,169.31,3829100,ASML
2018-01-15,189.94,190.41,171.22,173.47,8913500,ASML
2018-01-22,190.86,192.77,185.28,189.0,4681400,ASML
2018-01-29,179.82,189.08,179.73,188.85,4170000,ASML
2018-02-05,169.75,181.67,162.55,178.69,8907400,ASML
2018-02-12,177.66,180.5,169.2,169.44,4855000,ASML
2018-02-19,181.9,182.98,177.42,177.44,3005600,ASML
2018-02-26,178.9,185.77,174.7,184.93,4254900,ASML
2018-03-05,193.54,193.98,179.65,179.96,4681000,ASML
2018-03-12,197.84,199.15,191.42,194.92,3701600,ASML
2018-03-19,184.02,199.63,183.95,197.78,4476400,ASML
2018-03-26,183.51,192.16,178.54,189.47,5428500,ASML
2018-04-02,179.88,185.7,176.18,182.5,5274800,ASML
2018-04-09,190.06,191.61,181.97,183.0,4085900,ASML
2018-04-16,178.39,197.18,177.73,191.9,8115300,ASML
2018-04-23,177.22,182.13,175.9,179.7,4771300,ASML
2018-04-30,182.29,183.03,174.95,176.8,4015800,ASML
2018-05-07,185.36,187.52,179.15,181.67,2751500,ASML
2018-05-14,184.0,190.36,183.38,187.8,2993900,ASML
2018-05-21,187.5,189.86,184.29,188.64,2907000,ASML
2018-05-28,188.49,188.57,181.31,182.76,2540900,ASML
2018-06-04,193.43,199.36,188.66,189.8,3383100,ASML
2018-06-11,200.3,202.24,193.31,195.58,3422900,ASML
2018-06-18,192.42,197.01,188.14,195.65,3515600,ASML
2018-06-25,184.59,187.87,177.19,187.75,4611300,ASML
2018-07-02,183.98,184.47,176.98,180.53,3318900,ASML
2018-07-09,185.72,187.12,180.26,186.46,4110400,ASML
2018-07-16,204.95,206.49,185.89,186.35,8366500,ASML
2018-07-23,198.88,206.67,198.07,204.73,6520800,ASML
2018-07-30,200.26,201.96,197.85,201.8,3727400,ASML
2018-08-06,190.11,200.47,188.95,198.59,3389400,ASML
2018-08-13,184.03,193.31,180.79,191.06,4586100,ASML
2018-08-20,189.26,189.44,184.17,185.39,2299200,ASML
2018-08-27,191.19,195.09,189.93,192.22,2126500,ASML
2018-09-03,168.64,186.39,168.09,185.59,4316800,ASML
2018-09-10,171.89,175.02,161.02,174.95,8248900,ASML
2018-09-17,175.69,179.08,170.4,171.61,3993600,ASML
2018-09-24,175.31,179.35,172.92,177.86,2634500,ASML
2018-10-01,171.36,179.5,169.31,177.97,3063100,ASML
2018-10-08,162.5,171.52,158.12,168.76,5287200,ASML
2018-10-15,163.88,176.46,161.15,161.7,4793800,ASML
2018-10-22,154.97,165.05,147.27,164.53,5665900,ASML
2018-10-29,163.16,166.6,149.54,157.13,5085400,ASML
2018-11-05,163.64,166.45,158.24,160.83,6740000,ASML
2018-11-12,157.57,164.85,155.76,158.63,10613600,ASML
2018-11-19,152.6,157.15,145.99,156.88,5418900,ASML
2018-11-26,159.77,162.63,153.18,153.98,4655000,ASML
2018-12-03,148.75,166.15,148.16,162.11,6548100,ASML
2018-12-10,150.14,156.03,148.07,150.6,4699700,ASML
2018-12-17,138.41,153.59,137.99,150.12,7502400,ASML
2018-12-24,144.61,147.03,134.73,139.06,2358300,ASML
2018-12-31,143.65,146.62,137.42,145.49,2627100,ASML
2019-01-07,151.07,152.57,145.03,145.92,3951200,ASML
2019-01-14,151.7,152.92,144.73,149.28,4318200,ASML
2019-01-21,164.72,164.88,147.29,150.02,5166000,ASML
2019-01-28,166.35,166.55,159.66,160.13,5272600,ASML
2019-02-04,168.83,174.4,165.82,166.37,4856300,ASML
2019-02-11,171.91,172.59,166.03,167.29,4093200,ASML
2019-02-18,172.39,172.61,168.7,168.71,2709200,ASML
2019-02-25,172.6,175.54,169.95,175.1,2494000,ASML
2019-03-04,166.75,174.11,163.7,172.83,2380300,ASML
2019-03-11,179.78,179.92,166.26,166.28,3506600,ASML
2019-03-18,175.06,182.25,174.78,177.65,3564100,ASML
2019-03-25,175.34,175.68,170.41,173.73,3229700,ASML
2019-04-01,187.78,188.08,177.86,178.31,2778300,ASML
2019-04-08,189.11,189.91,183.95,188.34,2707700,ASML
2019-04-15,191.99,194.78,185.56,187.67,3433000,ASML
2019-04-22,193.19,193.76,189.44,190.79,2676000,ASML
2019-04-29,196.85,198.92,192.52,194.24,1845200,ASML
2019-05-06,187.47,193.89,183.7,190.78,3077900,ASML
2019-05-13,189.79,192.87,179.15,182.44,4150900,ASML
2019-05-20,179.04,184.2,178.1,182.88,3796900,ASML
2019-05-27,177.39,182.42,176.3,181.7,3062400,ASML
2019-06-03,185.47,187.21,175.75,177.89,2687900,ASML
2019-06-10,181.13,191.17,179.7,185.14,2491400,ASML
2019-06-17,190.8,192.07,178.75,181.12,3187500,ASML
2019-06-24,196.14,197.88,186.89,191.86,2546800,ASML
2019-07-01,197.86,204.31,195.44,203.73,1932300,ASML
2019-07-08,196.38,197.86,193.66,196.75,2638800,ASML
2019-07-15,210.94,214.12,192.77,196.51,5911900,ASML
2019-07-22,217.76,221.21,212.52,212.52,3326500,ASML
2019-07-29,207.44,218.15,205.82,217.54,2697300,ASML
2019-08-05,203.75,208.05,198.38,204.11,2646700,ASML
2019-08-12,200.78,208.28,195.33,203.8,3039700,ASML
2019-08-19,198.57,206.22,197.72,204.53,1870100,ASML
2019-08-26,209.99,211.31,200.27,201.74,1701900,ASML
2019-09-02,225.04,226.5,206.49,208.14,2885800,ASML
2019-09-09,234.87,236.99,224.61,225.53,3816700,ASML
2019-09-16,231.86,237.82,230.8,232.13,2862500,ASML
2019-09-23,229.89,235.77,227.5,232.23,2599600,ASML
2019-09-30,232.09,235.99,224.78,231.09,2909400,ASML
2019-10-07,245.26,247.58,227.82,233.38,3393900,ASML
2019-10-14,240.0,254.12,238.03,245.09,6902200,ASML
2019-10-21,249.02,250.43,239.21,243.17,3697600,ASML
2019-10-28,255.26,255.49,246.28,252.23,2927800,ASML
2019-11-04,252.14,259.41,249.68,257.15,3261100,ASML
2019-11-11,260.51,261.03,251.19,252.15,2417700,ASML
2019-11-18,252.22,261.7,250.88,258.71,2572800,ASML
2019-11-25,256.39,259.44,254.03,254.25,1506300,ASML
2019-12-02,265.36,267.14,247.38,255.9,3505300,ASML
2019-12-09,274.64,276.48,262.65,267.28,2852600,ASML
2019-12-16,278.15,281.47,273.93,275.91,2667100,ASML
2019-12-23,281.07,282.8,275.98,279.96,1152700,ASML
2019-12-30,282.28,287.37,277.93,280.83,1622200,ASML
2020-01-06,280.6,287.93,277.05,277.75,2659600,ASML
2020-01-13,284.26,289.81,281.85,282.97,2812000,ASML
2020-01-20,280.27,285.79,276.23,282.43,3372400,ASML
2020-01-27,265.9,282.6,265.43,272.06,5557400,ASML
2020-02-03,288.93,293.33,268.42,268.71,5134400,ASML
2020-02-10,299.66,302.43,288.01,288.05,3222600,ASML
2020-02-17,289.91,300.92,288.7,291.23,4104000,ASML
2020-02-24,262.16,280.37,251.99,273.85,6396500,ASML
2020-03-02,272.96,286.11,260.98,264.91,6889400,ASML
2020-03-09,243.44,265.61,221.54,251.49,10051700,ASML
2020-03-16,204.73,235.16,181.19,209.05,10222500,ASML
2020-03-23,239.33,262.56,210.96,213.48,6907300,ASML
2020-03-30,231.75,255.92,229.51,249.71,4100200,ASML
2020-04-06,262.25,270.13,245.78,246.33,3196400,ASML
2020-04-13,280.1,285.58,257.7,260.39,6088700,ASML
2020-04-20,276.49,282.34,263.92,276.31,2964600,ASML
2020-04-27,265.72,290.19,264.9,279.75,3898200,ASML
2020-05-04,289.85,289.96,262.77,266.24,3662300,ASML
2020-05-11,278.56,291.28,269.77,284.33,4391600,ASML
2020-05-18,304.1,310.67,283.43,283.46,3773900,ASML
2020-05-25,313.76,314.21,296.24,307.05,2795900,ASML
2020-06-01,340.15,346.75,308.04,308.4,3721000,ASML
2020-06-08,326.67,336.53,316.89,334.19,4501100,ASML
2020-06-15,343.43,350.54,320.54,321.38,3454100,ASML
2020-06-22,344.47,354.03,341.44,345.06,2730200,ASML
2020-06-29,355.38,357.91,340.99,345.58,2257400,ASML
2020-07-06,376.93,380.11,363.62,367.82,3074500,ASML
2020-07-13,365.26,383.61,354.71,378.84,6893600,ASML
2020-07-20,350.11,375.69,349.24,365.56,5126100,ASML
2020-07-27,336.81,365.45,333.98,359.92,4994300,ASML
2020-08-03,348.57,355.37,342.62,343.76,3261700,ASML
2020-08-10,353.36,360.07,342.36,347.33,2754900,ASML
2020-08-17,354.33,365.63,348.07,358.66,2352700,ASML
2020-08-24,361.33,368.31,355.4,362.08,2512800,ASML
2020-08-31,349.86,381.98,335.99,357.95,4536900,ASML
2020-09-07,342.06,349.6,326.84,328.86,3745600,ASML
2020-09-14,348.83,356.85,338.17,352.1,4079900,ASML
2020-09-21,343.25,349.06,334.31,338.33,3831400,ASML
2020-09-28,352.32,364.36,346.94,348.41,3901700,ASML
2020-10-05,370.4,371.34,350.94,357.22,3113400,ASML
2020-10-12,368.41,389.56,362.52,376.53,4203700,ASML
2020-10-19,360.47,373.52,356.26,373.44,2187900,ASML
2020-10-26,343.95,356.96,340.3,353.79,4452100,ASML
2020-11-02,386.82,388.02,344.43,347.06,5984400,ASML
2020-11-09,401.09,402.8,380.43,398.65,4913600,ASML
2020-11-16,404.91,409.51,398.49,401.43,3013600,ASML
2020-11-23,418.46,419.37,402.19,409.11,1947100,ASML
2020-11-30,443.91,444.01,414.54,421.11,3583000,ASML
2020-12-07,432.67,450.24,429.31,444.07,3291900,ASML
2020-12-14,456.19,460.09,432.23,432.39,2918200,ASML
2020-12-21,461.78,463.23,439.22,439.96,1715200,ASML
2020-12-28,466.21,470.93,457.33,465.66,1521100,ASML
2021-01-04,486.3,491.6,468.14,477.94,5206100,ASML
2021-01-11,504.24,522.3,477.4,478.43,4187900,ASML
2021-01-18,544.34,548.49,507.21,509.49,4799600,ASML
2021-01-25,510.6,543.16,499.46,537.36,5196900,ASML
2021-02-01,528.43,532.23,518.05,523.26,3222800,ASML
2021-02-08,571.62,574.93,533.36,533.36,3366600,ASML
2021-02-15,568.19,581.86,550.65,578.87,2985000,ASML
2021-02-22,542.08,569.68,534.98,561.71,5016600,ASML
2021-03-01,503.8,558.59,479.95,547.13,5455100,ASML
2021-03-08,513.92,524.3,479.01,503.22,5022300,ASML
2021-03-15,523.28,541.09,512.37,514.91,4270000,ASML
2021-03-22,598.08,599.63,531.0,542.61,7227000,ASML
2021-03-29,609.0,611.29,569.26,587.65,5774400,ASML
2021-04-05,606.35,624.2,591.11,622.91,5129300,ASML
2021-04-12,617.21,619.36,593.25,603.71,3753600,ASML
2021-04-19,641.32,641.68,585.76,609.52,6630800,ASML
2021-04-26,619.52,645.85,617.22,637.55,3130000,ASML
2021-05-03,629.53,632.13,588.75,628.7,4317900,ASML
2021-05-10,620.98,624.22,575.45,621.5,5648700,ASML
2021-05-17,612.8,625.29,581.56,605.77,4558100,ASML
2021-05-24,647.55,651.36,619.07,620.74,3743200,ASML
2021-05-31,655.06,659.65,632.82,656.44,3031900,ASML
2021-06-07,668.22,675.65,648.52,652.06,2843000,ASML
2021-06-14,643.33,681.58,640.93,670.6,4154800,ASML
2021-06-21,657.85,669.11,644.61,650.45,2531700,ASML
2021-06-28,659.12,676.63,646.65,670.04,3238600,ASML
2021-07-05,662.78,666.96,637.35,660.94,2664600,ASML
2021-07-12,659.01,693.12,658.48,671.07,3401500,ASML
2021-07-19,717.22,725.5,643.83,646.0,4958000,ASML
2021-07-26,735.05,736.93,702.76,726.86,3411700,ASML
2021-08-02,750.9,772.34,735.78,738.95,2943900,ASML
2021-08-09,756.35,764.09,744.44,757.56,2707200,ASML
2021-08-16,755.6,758.27,729.74,755.26,2383800,ASML
2021-08-23,798.49,800.26,761.73,762.17,2758100,ASML
2021-08-30,822.64,827.31,793.02,805.22,3097000,ASML
2021-09-06,823.37,839.18,814.79,829.52,3275100,ASML
2021-09-13,824.31,858.9,817.18,833.29,4895900,ASML
2021-09-20,832.91,851.98,795.4,804.2,3952600,ASML
2021-09-27,711.15,812.83,698.26,808.42,7929200,ASML
2021-10-04,700.08,722.52,679.72,698.77,6145200,ASML
2021-10-11,756.77,757.0,691.54,692.9,4988800,ASML
2021-10-18,767.86,775.37,726.9,742.09,6243800,ASML
2021-10-25,779.28,787.95,751.78,766.63,3748500,ASML
2021-11-01,811.99,819.31,763.56,773.56,3437800,ASML
2021-11-08,818.54,823.65,783.44,822.27,3089500,ASML
2021-11-15,823.86,846.88,814.32,821.78,3522300,ASML
2021-11-22,751.63,826.26,745.86,821.78,4106800,ASML
2021-11-29,741.54,800.33,730.32,764.12,5829100,ASML
2021-12-06,751.46,777.95,712.59,729.39,4069400,ASML
2021-12-13,720.73,768.76,714.37,750.24,5031800,ASML
2021-12-20,770.27,774.41,715.52,718.55,2516600,ASML
2021-12-27,765.21,785.54,763.5,763.53,2129200,ASML
2022-01-03,726.72,768.3,701.45,764.82,6192400,ASML
2022-01-10,715.6,747.69,673.48,688.68,7996100,ASML
2022-01-17,667.74,712.28,667.72,712.24,5997800,ASML
2022-01-24,619.91,661.88,596.55,640.17,9110100,ASML
2022-01-31,627.45,664.38,618.3,625.42,5091100,ASML
2022-02-07,603.83,655.72,600.96,628.73,4185100,ASML
2022-02-14,622.66,640.12,595.91,601.82,4241600,ASML
2022-02-21,641.2,641.22,576.38,613.69,5274200,ASML
2022-02-28,571.23,646.44,559.03,622.49,7157500,ASML
2022-03-07,563.09,602.64,537.06,593.4,6196700,ASML
2022-03-14,653.44,656.85,554.88,576.25,7524100,ASML
2022-03-21,660.65,670.98,637.43,651.87,5348500,ASML
2022-03-28,641.79,686.85,636.11,653.68,4315300,ASML
2022-04-04,587.19,655.06,586.3,646.36,4647700,ASML
2022-04-11,574.64,598.31,569.0,583.45,3675900,ASML
2022-04-18,584.0,627.2,572.62,573.85,5699600,ASML
2022-04-25,541.86,577.06,522.86,569.7,8521000,ASML
2022-05-02,529.59,571.16,523.87,537.03,5531200,ASML
2022-05-09,530.64,533.51,493.12,513.11,6332000,ASML
2022-05-16,515.66,545.21,497.59,516.05,4802700,ASML
2022-05-23,564.57,565.03,520.68,531.53,4672800,ASML
2022-05-30,545.47,565.95,539.04,565.74,2564600,ASML
2022-06-06,504.71,564.64,502.65,560.92,3155500,ASML
2022-06-13,458.08,495.68,446.96,481.99,5754000,ASML
2022-06-20,498.64,498.92,460.71,473.21,3574100,ASML
2022-06-27,435.32,500.38,429.16,498.36,4827700,ASML
2022-07-04,438.34,440.62,399.36,405.67,6383000,ASML
2022-07-11,460.29,460.44,415.46,435.06,5352500,ASML
2022-07-18,517.03,529.21,455.33,468.01,8491200,ASML
2022-07-25,555.91,558.31,501.82,518.15,5762500,ASML
2022-08-01,558.69,573.63,540.73,554.75,4046000,ASML
2022-08-08,558.72,565.12,517.77,560.7,4558800,ASML
2022-08-15,528.94,560.33,528.14,552.08,3522800,ASML
2022-08-22,494.68,524.05,493.54,513.45,3861900,ASML
2022-08-29,453.21,496.05,447.1,491.17,5507400,ASML
2022-09-05,486.01,488.12,448.46,455.31,3698400,ASML
2022-09-12,453.27,495.71,446.14,491.6,4660800,ASML
2022-09-19,423.09,461.92,414.56,445.89,4652300,ASML
2022-09-26,402.92,430.15,401.56,421.1,5224000,ASML
2022-10-03,421.26,460.54,408.42,410.92,6939300,ASML
2022-10-10,367.78,421.08,352.28,420.92,9215100,ASML
2022-10-17,448.4,449.03,377.19,382.65,10025400,ASML
2022-10-24,474.54,481.35,445.84,456.35,8827700,ASML
2022-10-31,454.73,469.19,424.04,464.7,6915200,ASML
2022-11-07,560.87,562.99,456.93,462.01,10548900,ASML
2022-11-14,577.14,591.89,553.58,559.26,6927900,ASML
2022-11-21,575.86,593.52,558.72,565.5,3215800,ASML
2022-11-28,589.35,599.91,561.19,577.74,5154500,ASML
2022-12-05,581.56,594.66,570.97,588.76,4481700,ASML
2022-12-12,558.81,625.98,550.46,580.75,6838900,ASML
2022-12-19,536.48,568.19,527.88,558.55,4504600,ASML
2022-12-26,531.64,540.37,514.72,531.3,2956700,ASML
2023-01-02,579.76,582.51,531.03,546.12,3499100,ASML
2023-01-09,641.87,642.89,596.25,597.41,5001100,ASML
2023-01-16,631.33,657.85,610.08,633.51,4622600,ASML
2023-01-23,649.36,666.44,637.33,640.28,7260000,ASML
2023-01-30,661.26,679.72,629.82,632.44,5620300,ASML
2023-02-06,638.62,665.22,631.12,647.93,4201400,ASML
2023-02-13,635.7,664.03,631.27,642.72,4388800,ASML
2023-02-20,602.98,627.91,597.47,622.13,4128700,ASML
2023-02-27,621.51,623.45,588.21,615.69,4800400,ASML
2023-03-06,586.24,617.35,584.51,611.7,5545100,ASML
2023-03-13,617.91,622.51,575.2,578.35,5031200,ASML
2023-03-20,631.41,657.16,619.39,630.21,4753800,ASML
2023-03-27,663.76,666.17,616.64,639.05,4269400,ASML
2023-04-03,640.76,664.63,639.0,658.0,3065000,ASML
2023-04-10,649.61,655.99,629.42,633.75,4137900,ASML
2023-04-17,618.67,632.13,601.52,622.84,7387800,ASML
2023-04-24,621.0,625.34,590.68,624.88,5630500,ASML
2023-05-01,634.13,637.93,612.88,619.19,3205700,ASML
2023-05-08,633.24,645.84,624.21,637.38,3014500,ASML
2023-05-15,678.7,684.44,630.66,632.62,5174400,ASML
2023-05-22,719.71,725.95,646.61,675.63,7252800,ASML
2023-05-29,708.68,730.66,697.56,726.75,4564600,ASML
2023-06-05,700.08,710.61,687.45,708.67,4057200,ASML
2023-06-12,705.97,728.03,704.13,706.07,4914200,ASML
2023-06-19,682.51,708.76,680.58,704.73,3236300,ASML
2023-06-26,708.77,713.91,684.79,687.58,4427900,ASML
2023-07-03,681.38,720.92,677.95,717.81,4057400,ASML
2023-07-10,737.4,754.96,680.35,688.2,5918800,ASML
2023-07-17,678.08,743.25,658.5,728.09,10424900,ASML
2023-07-24,702.53,705.6,662.51,669.9,5398000,ASML
2023-07-31,663.09,706.78,657.9,705.39,4181400,ASML
2023-08-07,648.63,681.51,648.13,676.72,3815300,ASML
2023-08-14,642.31,653.5,630.11,639.98,3990500,ASML
2023-08-21,638.08,667.42,623.24,640.87,5095600,ASML
2023-08-28,649.36,661.14,639.4,644.01,3550700,ASML
2023-09-04,615.39,656.49,612.8,651.92,3572300,ASML
2023-09-11,584.81,618.99,582.22,618.3,7533000,ASML
2023-09-18,575.44,588.89,570.56,576.5,5210800,ASML
2023-09-25,576.97,588.92,552.8,572.04,5685800,ASML
2023-10-02,585.49,588.56,556.3,571.77,5146100,ASML
2023-10-09,587.84,611.79,570.84,575.98,5524200,ASML
2023-10-16,568.58,598.23,562.46,589.1,7602000,ASML
2023-10-23,578.28,590.79,562.46,566.14,5474100,ASML
2023-10-30,629.65,634.15,570.91,581.0,5207100,ASML
2023-11-06,649.8,651.71,620.22,625.83,4375600,ASML
2023-11-13,674.18,675.66,637.02,642.79,4208800,ASML
2023-11-20,679.19,684.88,668.12,673.43,2254500,ASML
2023-11-27,680.19,683.51,660.98,675.73,3596500,ASML
2023-12-04,684.34,691.07,667.33,674.82,3716800,ASML
2023-12-11,739.89,747.14,690.41,692.49,6455900,ASML
2023-12-18,739.47,742.8,716.95,734.4,3853000,ASML
2023-12-25,743.78,752.51,736.98,737.08,1981800,ASML
2024-01-01,691.13,718.09,685.41,717.33,3652000,ASML
2024-01-08,700.84,711.62,695.75,700.28,3113100,ASML
2024-01-15,744.68,746.29,684.0,695.7,5774700,ASML
2024-01-22,852.69,867.95,749.31,753.1,16037900,ASML
2024-01-29,875.2,878.27,844.55,852.52,5117900,ASML
2024-02-05,933.12,937.76,865.81,870.23,6591400,ASML
2024-02-12,914.42,933.69,875.11,924.97,5582800,ASML
2024-02-19,918.66,944.46,878.67,904.24,4571400,ASML
2024-02-26,975.45,975.95,920.48,926.79,4474300,ASML
2024-03-04,978.78,1039.83,943.7,977.08,7215800,ASML
2024-03-11,925.51,969.59,917.22,964.19,6052400,ASML
2024-03-18,964.64,989.94,913.49,934.52,4282800,ASML
2024-03-25,955.3,976.77,946.62,963.82,2824700,ASML
2024-04-01,964.24,1006.67,938.48,964.44,5112700,ASML
2024-04-08,946.8,984.56,941.55,974.37,4365000,ASML
2024-04-15,846.1,973.26,842.21,970.01,10498600,ASML
2024-04-22,904.6,911.91,848.98,856.4,4975100,ASML
2024-04-29,889.38,900.84,837.6,899.46,5116800,ASML
2024-05-06,917.65,926.24,891.05,896.85,3422800,ASML
2024-05-13,912.4,926.05,893.57,915.08,3735500,ASML
2024-05-20,943.23,956.32,901.08,913.2,4126400,ASML
2024-05-27,947.3,979.39,920.25,959.58,3972900,ASML
2024-06-03,1014.45,1040.11,930.19,956.17,6411600,ASML
2024-06-10,1013.93,1062.58,1000.14,1002.33,4960900,ASML
2024-06-17,1022.52,1054.89,1009.31,1030.0,4646000,ASML
2024-06-24,1008.83,1034.56,988.4,1019.13,4155600,ASML
2024-07-01,1059.88,1068.08,1002.0,1021.48,3090600,ASML
2024-07-08,1070.51,1095.01,1044.96,1068.43,4937900,ASML
2024-07-15,883.2,1083.8,879.55,1082.53,12127400,ASML
2024-07-22,876.32,929.76,838.63,915.58,8652500,ASML
2024-07-29,798.35,929.44,785.08,874.94,10753000,ASML
2024-08-05,850.43,868.3,758.39,765.89,8731100,ASML
2024-08-12,907.86,919.86,842.79,851.62,5828700,ASML
2024-08-19,896.59,933.94,892.51,906.36,5080900,ASML
2024-08-26,893.24,903.78,864.2,892.92,4805400,ASML
2024-09-02,743.94,882.23,742.04,882.1,9180500,ASML
2024-09-09,806.76,808.99,725.62,755.1,9010900,ASML
2024-09-16,785.93,829.78,777.12,799.45,7526600,ASML
2024-09-23,831.64,851.86,788.63,798.11,5329800,ASML
2024-09-30,823.2,832.26,802.35,826.71,4651600,ASML
2024-10-07,830.8,836.17,801.47,802.17,5010000,ASML
2024-10-14,714.76,863.38,669.16,842.5,33163000,ASML
2024-10-21,703.33,716.33,691.87,715.49,9168000,ASML
2024-10-28,666.8,707.52,659.37,700.06,9913500,ASML
2024-11-04,663.13,679.03,648.57,669.65,9208200,ASML
2024-11-11,652.4,705.26,650.56,665.41,12673300,ASML
2024-11-18,666.51,668.41,639.34,644.91,9463700,ASML
2024-11-25,680.11,693.03,653.37,678.52,5873700,ASML
2024-12-02,702.27,722.32,674.26,675.3,8519400,ASML
2024-12-09,711.78,718.12,693.94,706.5,6024200,ASML
2024-12-16,699.0,750.02,689.69,713.23,9875700,ASML
2024-12-23,706.84,715.22,700.39,700.41,3495700,ASML
2024-12-30,707.6,710.78,680.92,693.37,4345600,ASML
2025-01-06,732.02,773.7,728.44,743.95,6952500,ASML
2025-01-13,749.17,764.26,710.8,714.37,8550000,ASML
2025-01-20,725.32,777.39,722.4,755.78,6288700,ASML
2025-01-27,732.31,747.46,660.29,666.42,17602500,ASML
2025-02-03,720.81,736.18,711.12,712.32,6826500,ASML
2025-02-10,744.44,770.99,726.62,729.75,6881600,ASML
2025-02-17,731.78,753.34,727.8,751.86,5831500,ASML
2025-02-24,703.85,748.21,691.77,740.63,8680000,ASML
2025-03-03,726.82,735.09,687.38,716.73,8937400,ASML
2025-03-10,708.74,714.72,671.02,692.84,8011600,ASML
2025-03-17,710.94,741.25,705.97,712.76,6760700,ASML
2025-03-24,669.61,729.58,667.1,722.66,6293700,ASML
2025-03-31,601.09,671.4,593.28,655.39,10910700,ASML
2025-04-07,663.88,687.19,574.25,582.18,15784500,ASML
2025-04-14,635.44,682.46,619.57,671.45,9147800,ASML
2025-04-21,672.28,676.72,609.53,627.34,8423400,ASML
2025-04-28,685.24,689.88,646.66,667.22,5435500,ASML
2025-05-05,703.18,713.73,672.6,682.06,4634700,ASML
2025-05-12,744.89,770.38,726.25,727.28,8149300,ASML
2025-05-19,729.34,752.54,719.42,736.55,5202500,ASML
2025-05-26,733.6,757.94,719.89,748.14,5580500,ASML
2025-06-02,749.78,758.83,729.05,730.14,5909300,ASML
2025-06-09,757.73,793.82,753.81,753.81,7593300,ASML
2025-06-16,753.28,775.84,733.09,763.08,6553700,ASML
2025-06-23,792.53,816.02,756.55,757.99,7649300,ASML
2025-06-30,791.09,798.99,769.54,793.06,4439900,ASML
2025-07-07,798.48,807.61,775.38,782.09,6457100,ASML
2025-07-14,731.42,823.01,727.46,794.19,20991800,ASML
2025-07-21,708.19,729.75,698.18,727.86,13804000,ASML
2025-07-28,686.86,732.25,680.54,731.99,10473100,ASML
2025-08-04,721.04,722.22,683.03,694.35,6272200,ASML
2025-08-11,740.85,755.66,718.25,722.72,7865900,ASML
2025-08-18,753.55,760.22,730.81,738.36,5984800,ASML
2025-08-25,741.3,771.8,738.48,753.41,5035100,ASML
2025-09-01,780.32,781.71,714.93,715.94,6617700,ASML
2025-09-08,812.43,814.34,785.36,788.25,6560400,ASML
2025-09-15,930.5,937.02,832.44,833.45,11674300,ASML
2025-09-22,949.83,975.75,935.46,959.22,7178300,ASML
2025-09-29,1030.39,1038.39,960.67,962.02,7522600,ASML
2025-10-06,934.53,1057.12,933.75,1038.6,9430100,ASML
2025-10-13,1027.45,1047.52,964.29,970.01,11148400,ASML
2025-10-20,1031.27,1050.31,995.9,1029.92,6023400,ASML
2025-10-27,1057.35,1084.19,1047.5,1048.15,6115000,ASML
2025-11-03,1016.96,1073.4,996.82,1063.02,6687500,ASML
2025-11-10,1006.98,1042.79,981.0,1036.77,5694900,ASML
2025-11-17,966.57,1050.95,946.11,1004.72,9230200,ASML
2025-11-24,1060.0,1060.28,973.74,977.62,5333200,ASML
2025-12-01,1099.47,1141.72,1054.47,1056.03,8154800,ASML
2025-12-08,1080.85,1134.18,1077.19,1118.82,6143700,ASML
2025-12-15,1076.05,1097.71,1065.94,1089.35,3190655,ASML
